year,cty,spend_waiver,s_source,s_target,s_time,lim5_5,rev_change,sales,sales_change,property,prop_change,prop_levy_change,debt,debt_change,target,rev_time,results,pass,st_open,st_no waiver,st_infrastructure,st_public safety,st_environment,st_education,st_unspecified,st_hss,st_debt,st_economic development,st_tourism,ss_open,ss_no waiver,ss_sales,ss_property,ss_nontax,ss_value,ss_transfer,ss_nonproperty,ss_tourism,ss_unknown,ss_library,ss_gaming,ss_development,rt_infrastructure,rt_public safety,rt_hss,rt_environment,rt_unspecified,rt_education,rt_open,rt_tourism,rt_administrative,rt_economic development,rt_agriculture,rt_debt,rt_unknown,rt_limited,rt_choice
1993,Adams,0,no waiver,no waiver,0.0,0,0,1,0.5,0,0.0,0.0,0,0.0,public safety,99.0,60.0,1,0,1,0,0,0,0,0,0,0,0,0,0,1,0,0,0,0,0,0,0,0,0,0,0,0,1,0,0,0,0,0,0,0,0,0,0,0,0,0
1997,Adams,1,open,open,99.0,1,0,0,0.0,1,1.7,0.0,0,0.0,education,99.0,39.0,0,1,0,0,0,0,0,0,0,0,0,0,1,0,0,0,0,0,0,0,0,0,0,0,0,0,0,0,0,0,1,0,0,0,0,0,0,0,0,0
1997,Adams,0,no waiver,no waiver,0.0,0,1,1,0.2,0,0.0,0.0,0,0.0,environment,15.0,27.0,0,0,1,0,0,0,0,0,0,0,0,0,0,1,0,0,0,0,0,0,0,0,0,0,0,0,0,0,1,0,0,0,0,0,0,0,0,0,0,0
1997,Adams,0,no waiver,no waiver,0.0,0,1,0,0.0,0,0.0,0.0,1,42710000.0,environment,99.0,29.0,0,0,1,0,0,0,0,0,0,0,0,0,0,1,0,0,0,0,0,0,0,0,0,0,0,0,0,0,1,0,0,0,0,0,0,0,0,0,0,0
1997,Adams,0,no waiver,no waiver,0.0,0,1,1,0.5,0,0.0,0.0,0,0.0,public safety,4.0,64.0,1,0,1,0,0,0,0,0,0,0,0,0,0,1,0,0,0,0,0,0,0,0,0,0,0,0,1,0,0,0,0,0,0,0,0,0,0,0,0,0
1999,Adams,0,no waiver,no waiver,0.0,0,0,1,0.2,0,0.0,0.0,0,0.0,environment,99.0,60.0,1,0,1,0,0,0,0,0,0,0,0,0,0,1,0,0,0,0,0,0,0,0,0,0,0,0,0,0,1,0,0,0,0,0,0,0,0,0,0,0
2000,Adams,1,open,education,99.0,1,0,0,0.0,0,0.0,0.0,0,0.0,,99.0,62.0,1,0,0,0,0,0,1,0,0,0,0,0,1,0,0,0,0,0,0,0,0,0,0,0,0,0,0,0,0,0,0,0,0,0,0,0,0,0,0,0
2001,Adams,1,open,open,99.0,0,0,1,0.5,0,0.0,0.0,0,0.0,infrastructure,7.0,70.0,1,1,0,0,0,0,0,0,0,0,0,0,1,0,0,0,0,0,0,0,0,0,0,0,0,1,0,0,0,0,0,0,0,0,0,0,0,0,0,0
2002,Adams,1,open,open,99.0,1,1,0,0.0,0,0.0,0.0,0,0.0,,99.0,50.0,1,1,0,0,0,0,0,0,0,0,0,0,1,0,0,0,0,0,0,0,0,0,0,0,0,0,0,0,0,0,0,0,0,0,0,0,0,0,0,0
2002,Adams,1,open,open,99.0,1,1,0,0.0,1,2.438,0.0,0,0.0,education,25.0,48.0,0,1,0,0,0,0,0,0,0,0,0,0,1,0,0,0,0,0,0,0,0,0,0,0,0,0,0,0,0,0,1,0,0,0,0,0,0,0,0,0
2004,Adams,1,open,open,99.0,0,1,1,0.05,0,0.0,0.0,0,0.0,environment,20.0,54.0,1,1,0,0,0,0,0,0,0,0,0,0,1,0,0,0,0,0,0,0,0,0,0,0,0,0,0,0,1,0,0,0,0,0,0,0,0,0,0,0
2006,Adams,1,open,open,99.0,0,1,1,0.5,0,0.0,0.0,0,0.0,infrastructure/public safety,20.0,63.0,1,1,0,0,0,0,0,0,0,0,0,0,1,0,0,0,0,0,0,0,0,0,0,0,0,1,1,0,0,0,0,0,0,0,0,0,0,0,0,0
1997,Alamosa,1,open,open,99.0,1,0,0,0.0,0,0.0,0.0,0,0.0,,99.0,50.0,1,1,0,0,0,0,0,0,0,0,0,0,1,0,0,0,0,0,0,0,0,0,0,0,0,0,0,0,0,0,0,0,0,0,0,0,0,0,0,0
1999,Alamosa,0,no waiver,no waiver,0.0,0,0,0,0.0,0,0.0,0.0,0,0.0,open,99.0,43.0,0,0,1,0,0,0,0,0,0,0,0,0,0,1,0,0,0,0,0,0,0,0,0,0,0,0,0,0,0,0,0,1,0,0,0,0,0,0,0,0
2003,Alamosa,0,no waiver,no waiver,0.0,0,0,1,4.0,0,0.0,0.0,0,0.0,tourism,99.0,57.0,1,0,1,0,0,0,0,0,0,0,0,0,0,1,0,0,0,0,0,0,0,0,0,0,0,0,0,0,0,0,0,0,1,0,0,0,0,0,0,0
2003,Alamosa,1,tourism,open,99.0,1,1,0,0.0,0,0.0,0.0,0,0.0,,99.0,55.0,1,1,0,0,0,0,0,0,0,0,0,0,0,0,0,0,0,0,0,0,1,0,0,0,0,0,0,0,0,0,0,0,0,0,0,0,0,0,0,0
2007,Alamosa,1,open,open,99.0,0,1,1,1.0,0,0.0,0.0,0,0.0,public safety,13.0,37.9,0,1,0,0,0,0,0,0,0,0,0,0,1,0,0,0,0,0,0,0,0,0,0,0,0,0,1,0,0,0,0,0,0,0,0,0,0,0,0,0
1993,Arapahoe,1,unknown,open,99.0,0,0,0,0.0,0,0.0,0.0,0,0.0,,99.0,49.0,0,1,0,0,0,0,0,0,0,0,0,0,0,0,0,0,0,0,0,0,0,1,0,0,0,0,0,0,0,0,0,0,0,0,0,0,0,0,0,0
1993,Arapahoe,0,no waiver,no waiver,0.0,0,0,0,0.0,1,0.9,0.0,0,0.0,public safety,99.0,54.0,1,0,1,0,0,0,0,0,0,0,0,0,0,1,0,0,0,0,0,0,0,0,0,0,0,0,1,0,0,0,0,0,0,0,0,0,0,0,0,0
1993,Arapahoe,0,no waiver,no waiver,0.0,0,0,0,0.0,1,1.8,0.0,0,0.0,infrastructure,99.0,20.0,0,0,1,0,0,0,0,0,0,0,0,0,0,1,0,0,0,0,0,0,0,0,0,0,0,1,0,0,0,0,0,0,0,0,0,0,0,0,0,0
1995,Arapahoe,1,nontax,open,99.0,0,0,0,0.0,0,0.0,0.0,0,0.0,,99.0,73.0,1,1,0,0,0,0,0,0,0,0,0,0,0,0,0,0,1,0,0,0,0,0,0,0,0,0,0,0,0,0,0,0,0,0,0,0,0,0,0,0
1995,Arapahoe,0,no waiver,no waiver,0.0,0,1,1,0.2,0,0.0,0.0,0,0.0,public safety,99.0,48.0,0,0,1,0,0,0,0,0,0,0,0,0,0,1,0,0,0,0,0,0,0,0,0,0,0,0,1,0,0,0,0,0,0,0,0,0,0,0,0,0
1997,Arapahoe,0,no waiver,no waiver,0.0,0,0,0,0.0,0,0.0,0.0,1,14000000.0,public safety,99.0,65.0,1,0,1,0,0,0,0,0,0,0,0,0,0,1,0,0,0,0,0,0,0,0,0,0,0,0,1,0,0,0,0,0,0,0,0,0,0,0,0,0
2001,Arapahoe,0,no waiver,no waiver,0.0,1,1,0,0.0,1,1.0,0.0,0,0.0,hss,99.0,63.0,1,0,1,0,0,0,0,0,0,0,0,0,0,1,0,0,0,0,0,0,0,0,0,0,0,0,0,1,0,0,0,0,0,0,0,0,0,0,0,0
2003,Arapahoe,1,open,open,99.0,1,1,1,0.25,0,0.0,0.0,0,0.0,environment,10.0,55.0,1,1,0,0,0,0,0,0,0,0,0,0,1,0,0,0,0,0,0,0,0,0,0,0,0,0,0,0,1,0,0,0,0,0,0,0,0,0,0,0
2011,Arapahoe,0,no waiver,no waiver,0.0,0,0,1,0.25,0,0.0,0.0,0,0.0,environment,12.0,61.7,1,0,1,0,0,0,0,0,0,0,0,0,0,1,0,0,0,0,0,0,0,0,0,0,0,0,0,0,1,0,0,0,0,0,0,0,0,0,0,0
1993,Archuleta,0,no waiver,no waiver,0.0,0,0,0,0.0,1,0.0394,0.0,0,0.0,infrastructure,99.0,33.0,0,0,1,0,0,0,0,0,0,0,0,0,0,1,0,0,0,0,0,0,0,0,0,0,0,1,0,0,0,0,0,0,0,0,0,0,0,0,0,0
1994,Archuleta,0,no waiver,no waiver,0.0,0,0,1,0.03,0,0.0,0.0,0,0.0,hss,10.0,31.0,0,0,1,0,0,0,0,0,0,0,0,0,0,1,0,0,0,0,0,0,0,0,0,0,0,0,0,1,0,0,0,0,0,0,0,0,0,0,0,0
1994,Archuleta,0,no waiver,no waiver,0.0,0,0,1,2.0,0,0.0,0.0,0,0.0,infrastructure,7.0,50.0,1,0,1,0,0,0,0,0,0,0,0,0,0,1,0,0,0,0,0,0,0,0,0,0,0,1,0,0,0,0,0,0,0,0,0,0,0,0,0,0
1994,Archuleta,1,open,open,4.0,0,0,0,0.0,0,0.0,0.0,0,0.0,,99.0,60.0,1,1,0,0,0,0,0,0,0,0,0,0,1,0,0,0,0,0,0,0,0,0,0,0,0,0,0,0,0,0,0,0,0,0,0,0,0,0,0,0
1998,Archuleta,0,no waiver,no waiver,0.0,0,0,0,0.0,1,6.5,0.0,0,0.0,infrastructure,5.0,27.0,0,0,1,0,0,0,0,0,0,0,0,0,0,1,0,0,0,0,0,0,0,0,0,0,0,1,0,0,0,0,0,0,0,0,0,0,0,0,0,0
1998,Archuleta,1,open,open,99.0,0,0,0,0.0,0,0.0,0.0,0,0.0,,99.0,48.0,0,1,0,0,0,0,0,0,0,0,0,0,1,0,0,0,0,0,0,0,0,0,0,0,0,0,0,0,0,0,0,0,0,0,0,0,0,0,0,0
1999,Archuleta,1,nonproperty,open,99.0,0,0,0,0.0,0,0.0,0.0,0,0.0,,99.0,57.0,1,1,0,0,0,0,0,0,0,0,0,0,0,0,0,1,0,0,0,1,0,0,0,0,0,0,0,0,0,0,0,0,0,0,0,0,0,0,0,0
2000,Archuleta,1,open,open,99.0,0,1,1,4.0,0,0.0,0.0,0,0.0,unspecified,99.0,21.0,0,1,0,0,0,0,0,0,0,0,0,0,1,0,0,0,0,0,0,0,0,0,0,0,0,0,0,0,0,1,0,0,0,0,0,0,0,0,0,0
2001,Archuleta,1,open,open,99.0,0,0,0,0.0,0,0.0,0.0,0,0.0,infrastructure,8.0,72.0,1,1,0,0,0,0,0,0,0,0,0,0,1,0,0,0,0,0,0,0,0,0,0,0,0,1,0,0,0,0,0,0,0,0,0,0,0,0,0,0
2003,Archuleta,1,open,open,99.0,1,1,1,4.0,0,0.0,0.0,0,0.0,environment,99.0,10.0,0,1,0,0,0,0,0,0,0,0,0,0,1,0,0,0,0,0,0,0,0,0,0,0,0,0,0,0,1,0,0,0,0,0,0,0,0,0,0,0
2006,Archuleta,1,property,open,99.0,1,1,0,0.0,0,0.0,0.0,0,0.0,open,4.0,57.0,1,1,0,0,0,0,0,0,0,0,0,0,0,0,0,1,0,0,0,0,0,0,0,0,0,0,0,0,0,0,0,1,0,0,0,0,0,0,0,0
2008,Archuleta,1,sales,open,99.0,1,1,1,2.0,0,0.0,0.0,0,0.0,infrastructure,99.0,65.0,1,1,0,0,0,0,0,0,0,0,0,0,0,0,1,0,0,0,0,0,0,0,0,0,0,1,0,0,0,0,0,0,0,0,0,0,0,0,0,0
2010,Archuleta,1,property,open,99.0,1,1,0,0.0,0,0.0,0.0,0,0.0,,99.0,70.56,1,1,0,0,0,0,0,0,0,0,0,0,0,0,0,1,0,0,0,0,0,0,0,0,0,0,0,0,0,0,0,0,0,0,0,0,0,0,0,0
2010,Archuleta,1,open,open,99.0,1,1,0,0.0,1,1.5,0.0,0,0.0,education,99.0,23.47,0,1,0,0,0,0,0,0,0,0,0,0,1,0,0,0,0,0,0,0,0,0,0,0,0,0,0,0,0,0,1,0,0,0,0,0,0,0,0,0
2011,Archuleta,1,open,open,99.0,1,1,0,0.0,1,7.0,0.0,0,0.0,infrastructure,4.0,21.0,0,1,0,0,0,0,0,0,0,0,0,0,1,0,0,0,0,0,0,0,0,0,0,0,0,1,0,0,0,0,0,0,0,0,0,0,0,0,0,0
1995,Baca,1,open,open,99.0,0,0,0,0.0,0,0.0,0.0,0,0.0,,99.0,73.0,1,1,0,0,0,0,0,0,0,0,0,0,1,0,0,0,0,0,0,0,0,0,0,0,0,0,0,0,0,0,0,0,0,0,0,0,0,0,0,0
2002,Baca,1,open,open,99.0,0,1,1,1.0,0,0.0,0.0,0,0.0,unspecified,99.0,44.0,0,1,0,0,0,0,0,0,0,0,0,0,1,0,0,0,0,0,0,0,0,0,0,0,0,0,0,0,0,1,0,0,0,0,0,0,0,0,0,0
2002,Baca,1,property,open,99.0,0,1,0,0.0,0,0.0,0.0,0,0.0,,99.0,45.0,0,1,0,0,0,0,0,0,0,0,0,0,0,0,0,1,0,0,0,0,0,0,0,0,0,0,0,0,0,0,0,0,0,0,0,0,0,0,0,0
2005,Baca,1,property,open,99.0,0,1,0,0.0,0,0.0,0.0,0,0.0,,99.0,59.0,1,1,0,0,0,0,0,0,0,0,0,0,0,0,0,1,0,0,0,0,0,0,0,0,0,0,0,0,0,0,0,0,0,0,0,0,0,0,0,0
2007,Baca,1,open,open,99.0,0,1,0,0.0,1,0.0,300000.0,0,0.0,unspecified,99.0,29.6,0,1,0,0,0,0,0,0,0,0,0,0,1,0,0,0,0,0,0,0,0,0,0,0,0,0,0,0,0,1,0,0,0,0,0,0,0,0,0,0
1993,Bent,1,open,open,99.0,0,0,0,0.0,0,0.0,0.0,0,0.0,,99.0,71.0,1,1,0,0,0,0,0,0,0,0,0,0,1,0,0,0,0,0,0,0,0,0,0,0,0,0,0,0,0,0,0,0,0,0,0,0,0,0,0,0
2002,Bent,0,no waiver,no waiver,0.0,0,1,0,0.0,1,1.5,0.0,0,0.0,environment,30.0,55.0,1,0,1,0,0,0,0,0,0,0,0,0,0,1,0,0,0,0,0,0,0,0,0,0,0,0,0,0,1,0,0,0,0,0,0,0,0,0,0,0
2004,Bent,1,open,open,99.0,0,1,0,0.0,1,2.5,0.0,0,0.0,infrastructure,99.0,35.0,0,1,0,0,0,0,0,0,0,0,0,0,1,0,0,0,0,0,0,0,0,0,0,0,0,1,0,0,0,0,0,0,0,0,0,0,0,0,0,0
1993,Boulder,0,no waiver,no waiver,0.0,0,0,1,0.25,0,0.0,0.0,0,0.0,environment,99.0,55.0,1,0,1,0,0,0,0,0,0,0,0,0,0,1,0,0,0,0,0,0,0,0,0,0,0,0,0,0,1,0,0,0,0,0,0,0,0,0,0,0
1994,Boulder,0,no waiver,no waiver,0.0,0,0,1,0.01,0,0.0,0.0,0,0.0,environment,7.0,51.0,1,0,1,0,0,0,0,0,0,0,0,0,0,1,0,0,0,0,0,0,0,0,0,0,0,0,0,0,1,0,0,0,0,0,0,0,0,0,0,0
1995,Boulder,0,no waiver,no waiver,0.0,0,1,0,0.0,0,0.0,0.0,1,35000000.0,environment,99.0,56.0,1,0,1,0,0,0,0,0,0,0,0,0,0,1,0,0,0,0,0,0,0,0,0,0,0,0,0,0,1,0,0,0,0,0,0,0,0,0,0,0
1995,Boulder,0,no waiver,no waiver,0.0,0,1,1,0.01,0,0.0,0.0,0,0.0,hss,10.0,35.0,0,0,1,0,0,0,0,0,0,0,0,0,0,1,0,0,0,0,0,0,0,0,0,0,0,0,0,1,0,0,0,0,0,0,0,0,0,0,0,0
1996,Boulder,1,open,open,1.0,0,1,1,0.1,0,0.0,0.0,0,0.0,environment,99.0,58.0,1,1,0,0,0,0,0,0,0,0,0,0,1,0,0,0,0,0,0,0,0,0,0,0,0,0,0,0,1,0,0,0,0,0,0,0,0,0,0,0
1996,Boulder,0,no waiver,no waiver,0.0,0,0,1,0.1,0,0.0,0.0,0,0.0,hss,10.0,35.0,0,0,1,0,0,0,0,0,0,0,0,0,0,1,0,0,0,0,0,0,0,0,0,0,0,0,0,1,0,0,0,0,0,0,0,0,0,0,0,0
1996,Boulder,0,no waiver,no waiver,0.0,0,0,0,0.0,1,1.0,0.0,0,0.0,infrastructure,99.0,24.0,0,0,1,0,0,0,0,0,0,0,0,0,0,1,0,0,0,0,0,0,0,0,0,0,0,1,0,0,0,0,0,0,0,0,0,0,0,0,0,0
1998,Boulder,0,no waiver,no waiver,0.0,0,0,1,0.2,0,0.0,0.0,0,0.0,hss,2.0,54.0,1,0,1,0,0,0,0,0,0,0,0,0,0,1,0,0,0,0,0,0,0,0,0,0,0,0,0,1,0,0,0,0,0,0,0,0,0,0,0,0
1997,Boulder,1,value,open,1.0,0,1,0,0.0,0,0.0,0.0,0,0.0,,99.0,78.0,1,1,0,0,0,0,0,0,0,0,0,0,0,0,0,0,0,1,0,0,0,0,0,0,0,0,0,0,0,0,0,0,0,0,0,0,0,0,0,0
1997,Boulder,1,nontax,open,99.0,0,1,0,0.0,0,0.0,0.0,0,0.0,,99.0,71.0,1,1,0,0,0,0,0,0,0,0,0,0,0,0,0,0,1,0,0,0,0,0,0,0,0,0,0,0,0,0,0,0,0,0,0,0,0,0,0,0
1997,Boulder,0,no waiver,no waiver,0.0,0,1,0,0.0,1,1.0,0.0,0,0.0,public safety,99.0,20.0,0,0,1,0,0,0,0,0,0,0,0,0,0,1,0,0,0,0,0,0,0,0,0,0,0,0,1,0,0,0,0,0,0,0,0,0,0,0,0,0
1997,Boulder,0,no waiver,no waiver,0.0,0,0,0,0.0,0,0.0,0.0,1,35000000.0,environment,99.0,79.0,1,0,1,0,0,0,0,0,0,0,0,0,0,1,0,0,0,0,0,0,0,0,0,0,0,0,0,0,1,0,0,0,0,0,0,0,0,0,0,0
1999,Boulder,0,no waiver,no waiver,0.0,0,0,1,0.25,0,0.0,0.0,0,0.0,environment,99.0,70.0,1,0,1,0,0,0,0,0,0,0,0,0,0,1,0,0,0,0,0,0,0,0,0,0,0,0,0,0,1,0,0,0,0,0,0,0,0,0,0,0
2000,Boulder,0,no waiver,no waiver,0.0,0,1,1,0.05,0,0.0,0.0,0,0.0,infrastructure,3.0,51.0,1,0,1,0,0,0,0,0,0,0,0,0,0,1,0,0,0,0,0,0,0,0,0,0,0,1,0,0,0,0,0,0,0,0,0,0,0,0,0,0
2000,Boulder,0,no waiver,no waiver,0.0,0,1,1,0.1,0,0.0,0.0,1,80800000.0,environment,8.0,52.0,1,0,1,0,0,0,0,0,0,0,0,0,0,1,0,0,0,0,0,0,0,0,0,0,0,0,0,0,1,0,0,0,0,0,0,0,0,0,0,0
2000,Boulder,1,nontax,open,99.0,0,0,0,0.0,0,0.0,0.0,0,0.0,,99.0,54.0,1,1,0,0,0,0,0,0,0,0,0,0,0,0,0,0,1,0,0,0,0,0,0,0,0,0,0,0,0,0,0,0,0,0,0,0,0,0,0,0
2001,Boulder,0,no waiver,no waiver,0.0,0,0,1,0.05,0,0.0,0.0,0,0.0,public safety,3.0,58.0,1,0,1,0,0,0,0,0,0,0,0,0,0,1,0,0,0,0,0,0,0,0,0,0,0,0,1,0,0,0,0,0,0,0,0,0,0,0,0,0
2001,Boulder,0,no waiver,no waiver,0.0,0,0,1,0.1,0,0.0,0.0,0,0.0,infrastructure,7.0,54.0,1,0,1,0,0,0,0,0,0,0,0,0,0,1,0,0,0,0,0,0,0,0,0,0,0,1,0,0,0,0,0,0,0,0,0,0,0,0,0,0
2002,Boulder,1,open,open,99.0,1,1,0,0.0,1,1.5,0.0,0,0.0,hss,99.0,51.0,1,1,0,0,0,0,0,0,0,0,0,0,1,0,0,0,0,0,0,0,0,0,0,0,0,0,0,1,0,0,0,0,0,0,0,0,0,0,0,0
2002,Boulder,0,no waiver,no waiver,0.0,0,1,1,0.25,0,0.0,0.0,1,90000000.0,infrastructure,20.0,49.0,0,0,1,0,0,0,0,0,0,0,0,0,0,1,0,0,0,0,0,0,0,0,0,0,0,1,0,0,0,0,0,0,0,0,0,0,0,0,0,0
2003,Boulder,0,no waiver,no waiver,0.0,0,1,1,0.05,0,0.0,0.0,0,0.0,hss,5.0,60.0,1,0,1,0,0,0,0,0,0,0,0,0,0,1,0,0,0,0,0,0,0,0,0,0,0,0,0,1,0,0,0,0,0,0,0,0,0,0,0,0
2003,Boulder,0,no waiver,no waiver,0.0,0,1,1,0.05,0,0.0,0.0,1,4255000.0,public safety/infrastructure,99.0,53.0,1,0,1,0,0,0,0,0,0,0,0,0,0,1,0,0,0,0,0,0,0,0,0,0,0,1,1,0,0,0,0,0,0,0,0,0,0,0,0,0
2003,Boulder,1,open,open,3.0,0,1,0,0.0,0,0.0,0.0,0,0.0,,99.0,48.0,0,1,0,0,0,0,0,0,0,0,0,0,1,0,0,0,0,0,0,0,0,0,0,0,0,0,0,0,0,0,0,0,0,0,0,0,0,0,0,0
2004,Boulder,0,no waiver,no waiver,0.0,0,1,1,0.1,0,0.0,0.0,0,60000000.0,environment,20.0,55.0,1,0,1,0,0,0,0,0,0,0,0,0,0,1,0,0,0,0,0,0,0,0,0,0,0,0,0,0,1,0,0,0,0,0,0,0,0,0,0,0
2004,Boulder,0,no waiver,no waiver,0.0,0,1,1,0.03,0,0.0,0.0,0,0.0,public safety,10.0,49.71,0,0,1,0,0,0,0,0,0,0,0,0,0,1,0,0,0,0,0,0,0,0,0,0,0,0,1,0,0,0,0,0,0,0,0,0,0,0,0,0
2004,Boulder,1,open,open,99.0,0,1,0,0.0,0,4.7,0.0,0,0.0,hss,99.0,57.0,1,1,0,0,0,0,0,0,0,0,0,0,1,0,0,0,0,0,0,0,0,0,0,0,0,0,0,1,0,0,0,0,0,0,0,0,0,0,0,0
2005,Boulder,1,open,open,99.0,0,1,0,0.0,0,0.0,0.0,0,0.0,,99.0,55.0,1,1,0,0,0,0,0,0,0,0,0,0,1,0,0,0,0,0,0,0,0,0,0,0,0,0,0,0,0,0,0,0,0,0,0,0,0,0,0,0
2006,Boulder,1,open,open,99.0,0,1,1,0.2,0,0.0,0.0,0,0.0,infrastructure,14.0,43.0,0,1,0,0,0,0,0,0,0,0,0,0,1,0,0,0,0,0,0,0,0,0,0,0,0,1,0,0,0,0,0,0,0,0,0,0,0,0,0,0
2007,Boulder,0,no waiver,no waiver,0.0,0,1,1,0.1,0,0.0,0.0,1,40000000.0,environment,20.0,59.2,1,0,1,0,0,0,0,0,0,0,0,0,0,1,0,0,0,0,0,0,0,0,0,0,0,0,0,0,1,0,0,0,0,0,0,0,0,0,0,0
2007,Boulder,0,no waiver,no waiver,0.0,0,1,1,0.1,0,0.0,0.0,0,0.0,infrastructure,17.0,69.3,1,0,1,0,0,0,0,0,0,0,0,0,0,1,0,0,0,0,0,0,0,0,0,0,0,1,0,0,0,0,0,0,0,0,0,0,0,0,0,0
2008,Boulder,0,no waiver,no waiver,0.0,0,1,0,0.0,0,0.0,0.0,1,40000000.0,infrastructure,99.0,65.0,1,0,1,0,0,0,0,0,0,0,0,0,0,1,0,0,0,0,0,0,0,0,0,0,0,1,0,0,0,0,0,0,0,0,0,0,0,0,0,0
2008,Boulder,0,no waiver,no waiver,0.0,0,1,1,0.05,0,0.0,0.0,0,0.0,hss,10.0,74.0,1,0,1,0,0,0,0,0,0,0,0,0,0,1,0,0,0,0,0,0,0,0,0,0,0,0,0,1,0,0,0,0,0,0,0,0,0,0,0,0
2009,Boulder,0,no waiver,no waiver,0.0,0,1,1,0.25,0,0.0,0.0,1,50000000.0,environment,15.0,47.9,0,0,1,0,0,0,0,0,0,0,0,0,0,1,0,0,0,0,0,0,0,0,0,0,0,0,0,0,1,0,0,0,0,0,0,0,0,0,0,0
2009,Boulder,0,no waiver,no waiver,0.0,0,1,0,0.0,0,0.0,0.0,1,85000000.0,infrastructure,99.0,49.0,0,0,1,0,0,0,0,0,0,0,0,0,0,1,0,0,0,0,0,0,0,0,0,0,0,1,0,0,0,0,0,0,0,0,0,0,0,0,0,0
2009,Boulder,0,no waiver,no waiver,0.0,0,1,0,0.0,0,0.0,0.0,1,6100000.0,infrastructure,99.0,56.1,1,0,1,0,0,0,0,0,0,0,0,0,0,1,0,0,0,0,0,0,0,0,0,0,0,1,0,0,0,0,0,0,0,0,0,0,0,0,0,0
2010,Boulder,0,no waiver,no waiver,0.0,1,1,0,0.0,1,0.9,0.0,0,0.0,hss,5.0,51.4,1,0,1,0,0,0,0,0,0,0,0,0,0,1,0,0,0,0,0,0,0,0,0,0,0,0,0,1,0,0,0,0,0,0,0,0,0,0,0,0
2010,Boulder,0,no waiver,no waiver,0.0,0,0,1,0.15,0,0.0,0.0,1,40000000.0,environment,99.0,50.2,1,0,1,0,0,0,0,0,0,0,0,0,0,1,0,0,0,0,0,0,0,0,0,0,0,0,0,0,1,0,0,0,0,0,0,0,0,0,0,0
2001,Broomfield,1,open,open,99.0,0,0,1,0.4,0,0.0,0.0,0,0.0,unspecified,99.0,87.0,1,1,0,0,0,0,0,0,0,0,0,0,1,0,0,0,0,0,0,0,0,0,0,0,0,0,0,0,0,1,0,0,0,0,0,0,0,0,0,0
2001,Broomfield,1,sales,environment,99.0,0,0,1,0.0,0,0.0,0.0,0,0.0,,99.0,77.0,1,0,0,0,0,1,0,0,0,0,0,0,0,0,1,0,0,0,0,0,0,0,0,0,0,0,0,0,0,0,0,0,0,0,0,0,0,0,0,0
2009,Broomfield,1,nontax,open,99.0,1,1,0,0.0,0,0.0,0.0,0,0.0,unspecified,99.0,61.1,1,1,0,0,0,0,0,0,0,0,0,0,0,0,0,0,1,0,0,0,0,0,0,0,0,0,0,0,0,1,0,0,0,0,0,0,0,0,0,0
1993,Chaffee,1,open,open,99.0,0,0,0,0.0,0,0.0,0.0,0,0.0,,99.0,58.0,1,1,0,0,0,0,0,0,0,0,0,0,1,0,0,0,0,0,0,0,0,0,0,0,0,0,0,0,0,0,0,0,0,0,0,0,0,0,0,0
1993,Chaffee,0,no waiver,no waiver,0.0,0,0,1,2.0,0,0.0,0.0,0,0.0,unspecified,99.0,39.0,0,0,1,0,0,0,0,0,0,0,0,0,0,1,0,0,0,0,0,0,0,0,0,0,0,0,0,0,0,1,0,0,0,0,0,0,0,0,0,0
1997,Chaffee,0,no waiver,no waiver,0.0,0,0,1,2.0,0,0.0,0.0,0,0.0,public safety,20.0,39.0,0,0,1,0,0,0,0,0,0,0,0,0,0,1,0,0,0,0,0,0,0,0,0,0,0,0,1,0,0,0,0,0,0,0,0,0,0,0,0,0
2003,Chaffee,0,no waiver,no waiver,0.0,0,1,1,2.0,0,0.0,0.0,0,0.0,environment,99.0,36.0,0,0,1,0,0,0,0,0,0,0,0,0,0,1,0,0,0,0,0,0,0,0,0,0,0,0,0,0,1,0,0,0,0,0,0,0,0,0,0,0
2006,Chaffee,1,open,open,99.0,0,1,0,0.0,1,0.5,0.0,0,0.0,hss,99.0,71.0,1,1,0,0,0,0,0,0,0,0,0,0,1,0,0,0,0,0,0,0,0,0,0,0,0,0,0,1,0,0,0,0,0,0,0,0,0,0,0,0
2011,Chaffee,1,open,open,99.0,0,1,1,0.25,0,0.0,0.0,0,0.0,public safety,99.0,22.1,0,1,0,0,0,0,0,0,0,0,0,0,1,0,0,0,0,0,0,0,0,0,0,0,0,0,1,0,0,0,0,0,0,0,0,0,0,0,0,0
2011,Chaffee,1,open,open,99.0,0,1,1,0.25,0,0.0,0.0,0,0.0,infrastructure,99.0,22.8,0,1,0,0,0,0,0,0,0,0,0,0,1,0,0,0,0,0,0,0,0,0,0,0,0,1,0,0,0,0,0,0,0,0,0,0,0,0,0,0
2011,Chaffee,1,open,open,99.0,0,1,0,0.0,1,0.0,0.0,0,0.0,public safety,9.0,16.6,0,1,0,0,0,0,0,0,0,0,0,0,1,0,0,0,0,0,0,0,0,0,0,0,0,0,1,0,0,0,0,0,0,0,0,0,0,0,0,0
1993,Cheyenne,0,no waiver,no waiver,0.0,0,0,0,0.0,1,0.0,0.0,0,0.0,unspecified,99.0,35.0,0,0,1,0,0,0,0,0,0,0,0,0,0,1,0,0,0,0,0,0,0,0,0,0,0,0,0,0,0,1,0,0,0,0,0,0,0,0,0,0
1994,Cheyenne,1,open,open,99.0,0,0,0,0.0,1,5.0,0.0,0,0.0,unspecified,99.0,40.0,0,1,0,0,0,0,0,0,0,0,0,0,1,0,0,0,0,0,0,0,0,0,0,0,0,0,0,0,0,1,0,0,0,0,0,0,0,0,0,0
1995,Cheyenne,0,no waiver,no waiver,0.0,0,1,0,0.0,1,3.0,0.0,0,0.0,unspecified,99.0,48.0,0,0,1,0,0,0,0,0,0,0,0,0,0,1,0,0,0,0,0,0,0,0,0,0,0,0,0,0,0,1,0,0,0,0,0,0,0,0,0,0
1996,Cheyenne,1,open,open,99.0,0,1,0,0.0,0,0.0,0.0,0,0.0,,99.0,59.0,1,1,0,0,0,0,0,0,0,0,0,0,1,0,0,0,0,0,0,0,0,0,0,0,0,0,0,0,0,0,0,0,0,0,0,0,0,0,0,0
2004,Cheyenne,1,open,open,99.0,0,1,1,1.0,0,0.0,0.0,0,0.0,economic development,7.0,30.0,0,1,0,0,0,0,0,0,0,0,0,0,1,0,0,0,0,0,0,0,0,0,0,0,0,0,0,0,0,0,0,0,0,0,1,0,0,0,0,0
2011,Cheyenne,1,open,open,99.0,1,1,0,0.0,1,3.0,0.0,0,0.0,hss,7.0,59.9,1,1,0,0,0,0,0,0,0,0,0,0,1,0,0,0,0,0,0,0,0,0,0,0,0,0,0,1,0,0,0,0,0,0,0,0,0,0,0,0
2013,Cheyenne,1,open,open,99.0,1,1,0,0.0,1,2.0,0.0,0,0.0,hss,99.0,60.1,1,1,0,0,0,0,0,0,0,0,0,0,1,0,0,0,0,0,0,0,0,0,0,0,0,0,0,1,0,0,0,0,0,0,0,0,0,0,0,0
1993,Clear Creek,1,open,open,99.0,0,0,0,0.0,0,0.0,0.0,0,0.0,,99.0,45.0,0,1,0,0,0,0,0,0,0,0,0,0,1,0,0,0,0,0,0,0,0,0,0,0,0,0,0,0,0,0,0,0,0,0,0,0,0,0,0,0
1993,Clear Creek,0,no waiver,no waiver,0.0,0,0,1,1.0,0,0.0,0.0,0,0.0,unspecified,99.0,43.0,0,0,1,0,0,0,0,0,0,0,0,0,0,1,0,0,0,0,0,0,0,0,0,0,0,0,0,0,0,1,0,0,0,0,0,0,0,0,0,0
1993,Clear Creek,0,no waiver,no waiver,0.0,0,0,1,1.0,0,0.0,0.0,0,0.0,unspecified,99.0,34.0,0,0,1,0,0,0,0,0,0,0,0,0,0,1,0,0,0,0,0,0,0,0,0,0,0,0,0,0,0,1,0,0,0,0,0,0,0,0,0,0
1994,Clear Creek,1,sales/transfer,open,99.0,1,0,0,0.0,0,0.0,0.0,0,0.0,,99.0,62.0,1,1,0,0,0,0,0,0,0,0,0,0,0,0,1,0,0,0,1,0,0,0,0,0,0,0,0,0,0,0,0,0,0,0,0,0,0,0,0,0
1996,Clear Creek,0,no waiver,no waiver,0.0,0,0,1,1.0,0,0.0,0.0,0,0.0,infrastructure,99.0,32.0,0,0,1,0,0,0,0,0,0,0,0,0,0,1,0,0,0,0,0,0,0,0,0,0,0,1,0,0,0,0,0,0,0,0,0,0,0,0,0,0
1997,Clear Creek,1,open,open,99.0,1,1,0,0.0,0,0.0,0.0,0,0.0,,99.0,37.0,0,1,0,0,0,0,0,0,0,0,0,0,1,0,0,0,0,0,0,0,0,0,0,0,0,0,0,0,0,0,0,0,0,0,0,0,0,0,0,0
1998,Clear Creek,1,open,open,99.0,0,0,0,0.0,1,0.0,0.0,0,0.0,,99.0,37.0,0,1,0,0,0,0,0,0,0,0,0,0,1,0,0,0,0,0,0,0,0,0,0,0,0,0,0,0,0,0,0,0,0,0,0,0,0,0,0,0
1999,Clear Creek,1,open,open,99.0,1,0,0,0.0,1,0.0,0.0,0,0.0,infrastructure,99.0,49.0,0,1,0,0,0,0,0,0,0,0,0,0,1,0,0,0,0,0,0,0,0,0,0,0,0,1,0,0,0,0,0,0,0,0,0,0,0,0,0,0
1999,Clear Creek,0,no waiver,no waiver,0.0,1,1,0,0.0,1,1.0,0.0,0,0.0,environment,99.0,52.0,1,0,1,0,0,0,0,0,0,0,0,0,0,1,0,0,0,0,0,0,0,0,0,0,0,0,0,0,1,0,0,0,0,0,0,0,0,0,0,0
1999,Clear Creek,0,no waiver,no waiver,0.0,0,0,0,0.0,0,0.0,0.0,1,1000000.0,environment,99.0,51.0,1,0,1,0,0,0,0,0,0,0,0,0,0,1,0,0,0,0,0,0,0,0,0,0,0,0,0,0,1,0,0,0,0,0,0,0,0,0,0,0
1999,Clear Creek,1,open,open,99.0,1,0,0,0.0,0,0.0,0.0,0,0.0,,99.0,63.0,1,1,0,0,0,0,0,0,0,0,0,0,1,0,0,0,0,0,0,0,0,0,0,0,0,0,0,0,0,0,0,0,0,0,0,0,0,0,0,0
2000,Clear Creek,1,open,open,99.0,1,1,0,0.0,1,9.073,0.0,0,0.0,infrastructure,4.0,43.0,0,1,0,0,0,0,0,0,0,0,0,0,1,0,0,0,0,0,0,0,0,0,0,0,0,1,0,0,0,0,0,0,0,0,0,0,0,0,0,0
2001,Clear Creek,1,open,open,99.0,1,1,0,0.0,1,0.53,0.0,0,0.0,environment,99.0,35.0,0,1,0,0,0,0,0,0,0,0,0,0,1,0,0,0,0,0,0,0,0,0,0,0,0,0,0,0,1,0,0,0,0,0,0,0,0,0,0,0
2003,Clear Creek,1,open,open,99.0,1,1,0,0.0,1,0.5,0.0,0,0.0,education,99.0,52.0,1,1,0,0,0,0,0,0,0,0,0,0,1,0,0,0,0,0,0,0,0,0,0,0,0,0,0,0,0,0,1,0,0,0,0,0,0,0,0,0
2004,Clear Creek,1,open,open,99.0,0,1,0,0.0,1,0.75,0.0,0,0.0,infrastructure,2.0,44.0,0,1,0,0,0,0,0,0,0,0,0,0,1,0,0,0,0,0,0,0,0,0,0,0,0,1,0,0,0,0,0,0,0,0,0,0,0,0,0,0
2005,Clear Creek,1,open,open,99.0,1,1,0,0.0,1,1.0,0.0,0,0.0,hss,1.0,69.0,1,1,0,0,0,0,0,0,0,0,0,0,1,0,0,0,0,0,0,0,0,0,0,0,0,0,0,1,0,0,0,0,0,0,0,0,0,0,0,0
2006,Clear Creek,1,open,open,99.0,1,1,0,0.0,1,1.0,0.0,0,0.0,environment,99.0,46.0,0,1,0,0,0,0,0,0,0,0,0,0,1,0,0,0,0,0,0,0,0,0,0,0,0,0,0,0,1,0,0,0,0,0,0,0,0,0,0,0
2007,Clear Creek,1,open,open,99.0,1,1,0,0.0,1,5.9,0.0,0,0.0,infrastructure,99.0,52.82,1,1,0,0,0,0,0,0,0,0,0,0,1,0,0,0,0,0,0,0,0,0,0,0,0,1,0,0,0,0,0,0,0,0,0,0,0,0,0,0
1995,Conejos,1,open,open,99.0,0,0,0,0.0,0,0.0,0.0,0,0.0,,99.0,45.0,0,1,0,0,0,0,0,0,0,0,0,0,1,0,0,0,0,0,0,0,0,0,0,0,0,0,0,0,0,0,0,0,0,0,0,0,0,0,0,0
1995,Conejos,0,no waiver,no waiver,0.0,0,0,1,1.0,0,0.0,0.0,0,0.0,open,99.0,36.0,0,0,1,0,0,0,0,0,0,0,0,0,0,1,0,0,0,0,0,0,0,0,0,0,0,0,0,0,0,0,0,1,0,0,0,0,0,0,0,0
1996,Conejos,1,open,open,99.0,0,0,0,0.0,0,0.0,0.0,0,0.0,,99.0,67.0,1,1,0,0,0,0,0,0,0,0,0,0,1,0,0,0,0,0,0,0,0,0,0,0,0,0,0,0,0,0,0,0,0,0,0,0,0,0,0,0
2001,Conejos,0,no waiver,no waiver,0.0,0,0,0,0.0,1,2.0,0.0,0,0.0,education,99.0,65.0,1,0,1,0,0,0,0,0,0,0,0,0,0,1,0,0,0,0,0,0,0,0,0,0,0,0,0,0,0,0,1,0,0,0,0,0,0,0,0,0
2004,Conejos,1,open,open,99.0,0,1,0,0.0,1,2.0,0.0,0,0.0,environment,99.0,28.0,0,1,0,0,0,0,0,0,0,0,0,0,1,0,0,0,0,0,0,0,0,0,0,0,0,0,0,0,1,0,0,0,0,0,0,0,0,0,0,0
1996,Costilla,1,open,open,99.0,0,1,0,0.0,1,7.0,0.0,0,0.0,unspecified,5.0,18.0,0,1,0,0,0,0,0,0,0,0,0,0,1,0,0,0,0,0,0,0,0,0,0,0,0,0,0,0,0,1,0,0,0,0,0,0,0,0,0,0
1997,Costilla,1,open,open,99.0,0,0,0,0.0,0,0.0,0.0,0,0.0,,99.0,53.0,1,1,0,0,0,0,0,0,0,0,0,0,1,0,0,0,0,0,0,0,0,0,0,0,0,0,0,0,0,0,0,0,0,0,0,0,0,0,0,0
2000,Costilla,1,open,open,99.0,0,1,0,0.0,1,5.0,0.0,1,0.0,infrastructure,99.0,44.0,0,1,0,0,0,0,0,0,0,0,0,0,1,0,0,0,0,0,0,0,0,0,0,0,0,1,0,0,0,0,0,0,0,0,0,0,0,0,0,0
2002,Costilla,0,no waiver,no waiver,0.0,0,0,0,0.0,1,9.8,0.0,0,0.0,infrastructure,99.0,36.0,0,0,1,0,0,0,0,0,0,0,0,0,0,1,0,0,0,0,0,0,0,0,0,0,0,1,0,0,0,0,0,0,0,0,0,0,0,0,0,0
2004,Costilla,0,no waiver,no waiver,0.0,0,0,0,0.0,1,2.6,0.0,0,0.0,infrastructure,99.0,48.0,0,0,1,0,0,0,0,0,0,0,0,0,0,1,0,0,0,0,0,0,0,0,0,0,0,1,0,0,0,0,0,0,0,0,0,0,0,0,0,0
1994,Crowley,1,open,open,99.0,0,0,0,0.0,0,0.0,0.0,0,0.0,,99.0,55.0,1,1,0,0,0,0,0,0,0,0,0,0,1,0,0,0,0,0,0,0,0,0,0,0,0,0,0,0,0,0,0,0,0,0,0,0,0,0,0,0
2002,Crowley,0,no waiver,no waiver,0.0,0,0,0,0.0,1,1.5,0.0,0,0.0,environment,30.0,66.0,1,0,1,0,0,0,0,0,0,0,0,0,0,1,0,0,0,0,0,0,0,0,0,0,0,0,0,0,1,0,0,0,0,0,0,0,0,0,0,0
1994,Custer,0,no waiver,no waiver,0.0,0,0,1,1.0,0,0.0,0.0,0,0.0,open,99.0,66.0,1,0,1,0,0,0,0,0,0,0,0,0,0,1,0,0,0,0,0,0,0,0,0,0,0,0,0,0,0,0,0,1,0,0,0,0,0,0,0,0
1995,Custer,1,open,open,99.0,1,1,0,0.0,1,2.0,0.0,0,0.0,public safety,99.0,69.0,1,1,0,0,0,0,0,0,0,0,0,0,1,0,0,0,0,0,0,0,0,0,0,0,0,0,1,0,0,0,0,0,0,0,0,0,0,0,0,0
1997,Custer,1,open,open,99.0,1,0,0,0.0,0,0.0,0.0,0,0.0,,99.0,69.0,1,1,0,0,0,0,0,0,0,0,0,0,1,0,0,0,0,0,0,0,0,0,0,0,0,0,0,0,0,0,0,0,0,0,0,0,0,0,0,0
2002,Custer,0,no waiver,no waiver,0.0,1,1,0,0.0,1,3.0,0.0,0,0.0,infrastructure,99.0,42.0,0,0,1,0,0,0,0,0,0,0,0,0,0,1,0,0,0,0,0,0,0,0,0,0,0,1,0,0,0,0,0,0,0,0,0,0,0,0,0,0
2005,Custer,1,open,open,99.0,1,1,0,0.0,1,3.0,0.0,0,0.0,infrastructure,99.0,54.0,1,1,0,0,0,0,0,0,0,0,0,0,1,0,0,0,0,0,0,0,0,0,0,0,0,1,0,0,0,0,0,0,0,0,0,0,0,0,0,0
2005,Custer,1,open,open,99.0,0,1,1,0.5,0,0.0,0.0,0,0.0,infrastructure,99.0,78.0,1,1,0,0,0,0,0,0,0,0,0,0,1,0,0,0,0,0,0,0,0,0,0,0,0,1,0,0,0,0,0,0,0,0,0,0,0,0,0,0
2007,Custer,1,property,open,99.0,1,1,0,0.0,1,5.0,0.0,0,0.0,infrastructure,99.0,55.67,1,1,0,0,0,0,0,0,0,0,0,0,0,0,0,1,0,0,0,0,0,0,0,0,0,1,0,0,0,0,0,0,0,0,0,0,0,0,0,0
2007,Custer,0,no waiver,no waiver,0.0,0,0,1,2.0,0,0.0,0.0,0,0.0,tourism,99.0,66.48,1,0,1,0,0,0,0,0,0,0,0,0,0,1,0,0,0,0,0,0,0,0,0,0,0,0,0,0,0,0,0,0,1,0,0,0,0,0,0,0
1995,Delta,1,sales,open,99.0,0,0,0,0.0,0,0.0,0.0,0,0.0,,99.0,57.0,1,1,0,0,0,0,0,0,0,0,0,0,0,0,1,0,0,0,0,0,0,0,0,0,0,0,0,0,0,0,0,0,0,0,0,0,0,0,0,0
1995,Delta,1,library,open,99.0,0,0,0,0.0,0,0.0,0.0,0,0.0,,99.0,61.0,1,1,0,0,0,0,0,0,0,0,0,0,0,0,0,0,0,0,0,0,0,0,1,0,0,0,0,0,0,0,0,0,0,0,0,0,0,0,0,0
1995,Delta,0,no waiver,no waiver,0.0,1,0,0,0.0,1,1.0,0.0,0,0.0,education,99.0,48.0,0,0,1,0,0,0,0,0,0,0,0,0,0,1,0,0,0,0,0,0,0,0,0,0,0,0,0,0,0,0,1,0,0,0,0,0,0,0,0,0
1997,Delta,0,no waiver,no waiver,0.0,1,0,0,0.0,1,1.5,0.0,0,0.0,education,99.0,50.0,1,0,1,0,0,0,0,0,0,0,0,0,0,1,0,0,0,0,0,0,0,0,0,0,0,0,0,0,0,0,1,0,0,0,0,0,0,0,0,0
2000,Delta,0,no waiver,no waiver,0.0,0,0,0,0.0,0,0.0,0.0,0,0.0,,99.0,60.0,1,0,1,0,0,0,0,0,0,0,0,0,0,1,0,0,0,0,0,0,0,0,0,0,0,0,0,0,0,0,0,0,0,0,0,0,0,0,0,0
2000,Delta,1,open,infrastructure,4.0,1,1,0,0.0,0,0.0,0.0,0,0.0,,99.0,51.0,1,0,0,1,0,0,0,0,0,0,0,0,1,0,0,0,0,0,0,0,0,0,0,0,0,0,0,0,0,0,0,0,0,0,0,0,0,0,0,0
2003,Delta,1,open,open,99.0,1,1,1,2.0,0,0.0,0.0,0,0.0,hss/infrastructure,99.0,16.0,0,1,0,0,0,0,0,0,0,0,0,0,1,0,0,0,0,0,0,0,0,0,0,0,0,1,0,1,0,0,0,0,0,0,0,0,0,0,0,0
2004,Delta,1,property,infrastructure,5.0,0,0,0,0.0,0,0.0,0.0,0,0.0,,99.0,53.0,1,0,0,1,0,0,0,0,0,0,0,0,0,0,0,1,0,0,0,0,0,0,0,0,0,0,0,0,0,0,0,0,0,0,0,0,0,0,0,0
2012,Delta,1,development,open,99.0,0,1,0,0.0,0,0.0,0.0,0,0.0,,99.0,58.6,1,1,0,0,0,0,0,0,0,0,0,0,0,0,0,0,0,0,0,0,0,0,0,0,1,0,0,0,0,0,0,0,0,0,0,0,0,0,0,0
2005,Denver,1,open,open,10.0,0,1,0,0.0,0,0.0,0.0,0,0.0,,99.0,64.0,1,1,0,0,0,0,0,0,0,0,0,0,1,0,0,0,0,0,0,0,0,0,0,0,0,0,0,0,0,0,0,0,0,0,0,0,0,0,0,0
2006,Denver,1,open,open,99.0,0,1,1,0.12,0,0.0,0.0,0,0.0,hss,10.0,51.0,1,1,0,0,0,0,0,0,0,0,0,0,1,0,0,0,0,0,0,0,0,0,0,0,0,0,0,1,0,0,0,0,0,0,0,0,0,0,0,0
2007,Denver,1,open,open,99.0,1,1,0,0.0,1,2.5,0.0,0,0.0,infrastructure,99.0,54.6,1,1,0,0,0,0,0,0,0,0,0,0,1,0,0,0,0,0,0,0,0,0,0,0,0,1,0,0,0,0,0,0,0,0,0,0,0,0,0,0
2007,Denver,0,no waiver,no waiver,0.0,0,0,0,0.0,0,0.0,0.0,1,0.0,hss,99.0,61.9,1,0,1,0,0,0,0,0,0,0,0,0,0,1,0,0,0,0,0,0,0,0,0,0,0,0,0,1,0,0,0,0,0,0,0,0,0,0,0,0
2007,Denver,0,no waiver,no waiver,0.0,0,0,0,0.0,0,0.0,0.0,1,0.0,education,99.0,60.2,1,0,1,0,0,0,0,0,0,0,0,0,0,1,0,0,0,0,0,0,0,0,0,0,0,0,0,0,0,0,1,0,0,0,0,0,0,0,0,0
2007,Denver,0,no waiver,no waiver,0.0,0,0,0,0.0,0,0.0,0.0,1,0.0,infrastructure,99.0,67.5,1,0,1,0,0,0,0,0,0,0,0,0,0,1,0,0,0,0,0,0,0,0,0,0,0,1,0,0,0,0,0,0,0,0,0,0,0,0,0,0
2007,Denver,0,no waiver,no waiver,0.0,0,0,0,0.0,0,0.0,0.0,1,0.0,environment,99.0,61.2,1,0,1,0,0,0,0,0,0,0,0,0,0,1,0,0,0,0,0,0,0,0,0,0,0,0,0,0,1,0,0,0,0,0,0,0,0,0,0,0
2007,Denver,0,no waiver,no waiver,0.0,0,0,0,0.0,0,0.0,0.0,1,0.0,unspecified,99.0,53.3,1,0,1,0,0,0,0,0,0,0,0,0,0,1,0,0,0,0,0,0,0,0,0,0,0,0,0,0,0,1,0,0,0,0,0,0,0,0,0,0
2007,Denver,0,no waiver,no waiver,0.0,0,0,0,0.0,0,0.0,0.0,1,0.0,hss,99.0,55.3,1,0,1,0,0,0,0,0,0,0,0,0,0,1,0,0,0,0,0,0,0,0,0,0,0,0,0,1,0,0,0,0,0,0,0,0,0,0,0,0
2007,Denver,0,no waiver,no waiver,0.0,0,0,0,0.0,0,0.0,0.0,1,0.0,hss,99.0,51.9,1,0,1,0,0,0,0,0,0,0,0,0,0,1,0,0,0,0,0,0,0,0,0,0,0,0,0,1,0,0,0,0,0,0,0,0,0,0,0,0
2007,Denver,0,no waiver,no waiver,0.0,0,0,0,0.0,0,0.0,0.0,1,0.0,public safety,99.0,63.4,1,0,1,0,0,0,0,0,0,0,0,0,0,1,0,0,0,0,0,0,0,0,0,0,0,0,1,0,0,0,0,0,0,0,0,0,0,0,0,0
2012,Denver,1,property,open,99.0,0,1,0,0.0,0,0.0,0.0,0,0.0,,99.0,73.7,1,1,0,0,0,0,0,0,0,0,0,0,0,0,0,1,0,0,0,0,0,0,0,0,0,0,0,0,0,0,0,0,0,0,0,0,0,0,0,0
1993,Dolores,1,open,open,99.0,0,0,0,0.0,0,0.0,0.0,0,0.0,,99.0,85.0,1,1,0,0,0,0,0,0,0,0,0,0,1,0,0,0,0,0,0,0,0,0,0,0,0,0,0,0,0,0,0,0,0,0,0,0,0,0,0,0
1993,Dolores,0,no waiver,no waiver,0.0,0,0,0,0.0,1,0.0,0.0,0,0.0,unspecified,99.0,80.0,1,0,1,0,0,0,0,0,0,0,0,0,0,1,0,0,0,0,0,0,0,0,0,0,0,0,0,0,0,1,0,0,0,0,0,0,0,0,0,0
2000,Dolores,1,open,open,99.0,1,1,0,0.0,0,0.0,0.0,0,0.0,,99.0,67.0,1,1,0,0,0,0,0,0,0,0,0,0,1,0,0,0,0,0,0,0,0,0,0,0,0,0,0,0,0,0,0,0,0,0,0,0,0,0,0,0
2003,Dolores,0,no waiver,no waiver,0.0,1,1,0,0.0,1,3.6,0.0,0,0.0,education/hss,99.0,54.0,1,0,1,0,0,0,0,0,0,0,0,0,0,1,0,0,0,0,0,0,0,0,0,0,0,0,0,1,0,0,1,0,0,0,0,0,0,0,0,0
2006,Dolores,1,open,open,99.0,1,1,0,0.0,1,0.0,0.0,0,0.0,education,99.0,59.0,1,1,0,0,0,0,0,0,0,0,0,0,1,0,0,0,0,0,0,0,0,0,0,0,0,0,0,0,0,0,1,0,0,0,0,0,0,0,0,0
1993,Douglas,0,no waiver,no waiver,0.0,0,0,1,1.0,0,0.0,0.0,0,0.0,infrastructure/environment,99.0,47.0,0,0,1,0,0,0,0,0,0,0,0,0,0,1,0,0,0,0,0,0,0,0,0,0,0,1,0,0,1,0,0,0,0,0,0,0,0,0,0,0
1994,Douglas,1,open,open,99.0,0,0,0,0.0,0,0.0,0.0,0,0.0,,99.0,65.0,1,1,0,0,0,0,0,0,0,0,0,0,1,0,0,0,0,0,0,0,0,0,0,0,0,0,0,0,0,0,0,0,0,0,0,0,0,0,0,0
1994,Douglas,0,no waiver,no waiver,0.0,0,0,1,0.17,0,0.0,0.0,0,0.0,environment,14.0,58.0,1,0,1,0,0,0,0,0,0,0,0,0,0,1,0,0,0,0,0,0,0,0,0,0,0,0,0,0,1,0,0,0,0,0,0,0,0,0,0,0
1995,Douglas,0,no waiver,no waiver,0.0,0,1,1,0.4,0,0.0,0.0,0,0.0,infrastructure,15.0,53.0,1,0,1,0,0,0,0,0,0,0,0,0,0,1,0,0,0,0,0,0,0,0,0,0,0,1,0,0,0,0,0,0,0,0,0,0,0,0,0,0
1995,Douglas,1,open,open,99.0,0,1,1,0.43,0,0.0,0.0,1,30000000.0,public safety,99.0,59.0,1,1,0,0,0,0,0,0,0,0,0,0,1,0,0,0,0,0,0,0,0,0,0,0,0,0,1,0,0,0,0,0,0,0,0,0,0,0,0,0
1996,Douglas,1,open,open,99.0,0,0,0,0.0,0,0.0,0.0,1,25000000.0,environment,99.0,66.0,1,1,0,0,0,0,0,0,0,0,0,0,1,0,0,0,0,0,0,0,0,0,0,0,0,0,0,0,1,0,0,0,0,0,0,0,0,0,0,0
1997,Douglas,1,open,open,99.0,1,0,0,0.0,0,0.0,0.0,0,0.0,,99.0,68.0,1,1,0,0,0,0,0,0,0,0,0,0,1,0,0,0,0,0,0,0,0,0,0,0,0,0,0,0,0,0,0,0,0,0,0,0,0,0,0,0
1998,Douglas,1,open,open,99.0,0,0,1,0.17,0,0.0,0.0,0,0.0,environment,15.0,53.0,1,1,0,0,0,0,0,0,0,0,0,0,1,0,0,0,0,0,0,0,0,0,0,0,0,0,0,0,1,0,0,0,0,0,0,0,0,0,0,0
1999,Douglas,0,no waiver,no waiver,0.0,0,0,0,0.0,0,0.0,0.0,1,0.0,infrastructure,99.0,83.0,1,0,1,0,0,0,0,0,0,0,0,0,0,1,0,0,0,0,0,0,0,0,0,0,0,1,0,0,0,0,0,0,0,0,0,0,0,0,0,0
1999,Douglas,0,no waiver,no waiver,0.0,0,0,0,0.0,0,0.0,0.0,1,0.0,infrastructure,99.0,75.0,1,0,1,0,0,0,0,0,0,0,0,0,0,1,0,0,0,0,0,0,0,0,0,0,0,1,0,0,0,0,0,0,0,0,0,0,0,0,0,0
1999,Douglas,0,no waiver,no waiver,0.0,0,0,0,0.0,0,0.0,0.0,1,0.0,infrastructure,99.0,100.0,1,0,1,0,0,0,0,0,0,0,0,0,0,1,0,0,0,0,0,0,0,0,0,0,0,1,0,0,0,0,0,0,0,0,0,0,0,0,0,0
2001,Douglas,1,open,open,99.0,0,1,0,0.0,1,1.0,0.0,0,0.0,hss,99.0,60.0,1,1,0,0,0,0,0,0,0,0,0,0,1,0,0,0,0,0,0,0,0,0,0,0,0,0,0,1,0,0,0,0,0,0,0,0,0,0,0,0
2001,Douglas,1,open,open,99.0,0,0,0,0.0,0,0.0,0.0,1,43000000.0,environment,99.0,74.0,1,1,0,0,0,0,0,0,0,0,0,0,1,0,0,0,0,0,0,0,0,0,0,0,0,0,0,0,1,0,0,0,0,0,0,0,0,0,0,0
2003,Douglas,0,no waiver,no waiver,0.0,0,0,0,0.0,0,0.0,0.0,1,28000000.0,infrastructure,99.0,69.0,1,0,1,0,0,0,0,0,0,0,0,0,0,1,0,0,0,0,0,0,0,0,0,0,0,1,0,0,0,0,0,0,0,0,0,0,0,0,0,0
2007,Douglas,0,no waiver,no waiver,0.0,0,0,1,0.23,0,0.0,0.0,0,0.0,public safety,13.0,67.62,1,0,1,0,0,0,0,0,0,0,0,0,0,1,0,0,0,0,0,0,0,0,0,0,0,0,1,0,0,0,0,0,0,0,0,0,0,0,0,0
2007,Douglas,0,no waiver,no waiver,0.0,0,1,1,0.4,0,0.0,0.0,0,0.0,open,23.0,73.08,1,0,1,0,0,0,0,0,0,0,0,0,0,1,0,0,0,0,0,0,0,0,0,0,0,0,0,0,0,0,0,1,0,0,0,0,0,0,0,0
1993,Eagle,0,no waiver,no waiver,0.0,0,0,1,0.5,0,0.0,0.0,0,0.0,infrastructure,99.0,40.0,0,0,1,0,0,0,0,0,0,0,0,0,0,1,0,0,0,0,0,0,0,0,0,0,0,1,0,0,0,0,0,0,0,0,0,0,0,0,0,0
1994,Eagle,1,open,open,4.0,0,0,0,0.0,0,0.0,0.0,0,0.0,,99.0,49.0,0,1,0,0,0,0,0,0,0,0,0,0,1,0,0,0,0,0,0,0,0,0,0,0,0,0,0,0,0,0,0,0,0,0,0,0,0,0,0,0
1994,Eagle,1,open,open,99.0,0,0,0,0.0,1,1.5,0.0,0,0.0,environment,11.0,42.0,0,1,0,0,0,0,0,0,0,0,0,0,1,0,0,0,0,0,0,0,0,0,0,0,0,0,0,0,1,0,0,0,0,0,0,0,0,0,0,0
1995,Eagle,1,open,open,99.0,0,0,0,0.0,0,0.0,0.0,0,0.0,,99.0,72.0,1,1,0,0,0,0,0,0,0,0,0,0,1,0,0,0,0,0,0,0,0,0,0,0,0,0,0,0,0,0,0,0,0,0,0,0,0,0,0,0
1995,Eagle,1,open,open,99.0,0,0,1,0.5,0,0.0,0.0,0,0.0,infrastructure,99.0,66.0,1,1,0,0,0,0,0,0,0,0,0,0,1,0,0,0,0,0,0,0,0,0,0,0,0,1,0,0,0,0,0,0,0,0,0,0,0,0,0,0
1996,Eagle,1,open,open,99.0,1,0,0,0.0,1,1.5,0.0,0,0.0,infrastructure,3.0,48.0,0,1,0,0,0,0,0,0,0,0,0,0,1,0,0,0,0,0,0,0,0,0,0,0,0,1,0,0,0,0,0,0,0,0,0,0,0,0,0,0
1999,Eagle,0,no waiver,no waiver,0.0,0,1,0,0.0,0,0.0,0.0,1,0.0,infrastructure,99.0,49.0,0,0,1,0,0,0,0,0,0,0,0,0,0,1,0,0,0,0,0,0,0,0,0,0,0,1,0,0,0,0,0,0,0,0,0,0,0,0,0,0
2002,Eagle,1,open,open,99.0,1,1,0,0.0,1,1.5,0.0,0,0.0,environment,22.0,51.0,1,1,0,0,0,0,0,0,0,0,0,0,1,0,0,0,0,0,0,0,0,0,0,0,0,0,0,0,1,0,0,0,0,0,0,0,0,0,0,0
2006,Eagle,1,open,open,99.0,1,1,0,0.0,1,1.5,0.0,0,0.0,hss,15.0,42.0,0,1,0,0,0,0,0,0,0,0,0,0,1,0,0,0,0,0,0,0,0,0,0,0,0,0,0,1,0,0,0,0,0,0,0,0,0,0,0,0
2009,Eagle,1,open,open,99.0,0,1,0,0.0,0,0.0,0.0,1,10000000.0,infrastructure,99.0,53.2,1,1,0,0,0,0,0,0,0,0,0,0,1,0,0,0,0,0,0,0,0,0,0,0,0,1,0,0,0,0,0,0,0,0,0,0,0,0,0,0
1995,El Paso,1,open,open,99.0,1,1,0,0.0,1,0.0,2800000.0,0,0.0,public safety,99.0,25.0,0,1,0,0,0,0,0,0,0,0,0,0,1,0,0,0,0,0,0,0,0,0,0,0,0,0,1,0,0,0,0,0,0,0,0,0,0,0,0,0
1995,El Paso,1,open,open,99.0,1,1,0,0.0,1,0.0,5100000.0,0,0.0,public safety,99.0,19.0,0,1,0,0,0,0,0,0,0,0,0,0,1,0,0,0,0,0,0,0,0,0,0,0,0,0,1,0,0,0,0,0,0,0,0,0,0,0,0,0
1995,El Paso,1,open,open,99.0,0,1,1,0.25,0,0.0,0.0,0,0.0,infrastructure,10.0,35.0,0,1,0,0,0,0,0,0,0,0,0,0,1,0,0,0,0,0,0,0,0,0,0,0,0,1,0,0,0,0,0,0,0,0,0,0,0,0,0,0
1995,El Paso,1,open,open,99.0,1,0,0,0.0,1,1.0,0.0,0,0.0,education,99.0,31.0,0,1,0,0,0,0,0,0,0,0,0,0,1,0,0,0,0,0,0,0,0,0,0,0,0,0,0,0,0,0,1,0,0,0,0,0,0,0,0,0
1995,El Paso,1,open,open,99.0,1,1,0,0.0,0,0.0,0.0,1,22500000.0,public safety,99.0,17.0,0,1,0,0,0,0,0,0,0,0,0,0,1,0,0,0,0,0,0,0,0,0,0,0,0,0,1,0,0,0,0,0,0,0,0,0,0,0,0,0
1999,El Paso,0,no waiver,no waiver,0.0,0,0,1,0.2,0,0.0,0.0,0,0.0,infrastructure,99.0,27.0,0,0,1,0,0,0,0,0,0,0,0,0,0,1,0,0,0,0,0,0,0,0,0,0,0,1,0,0,0,0,0,0,0,0,0,0,0,0,0,0
1999,El Paso,1,open,open,99.0,0,1,0,0.0,0,0.0,0.0,0,0.0,infrastructure,99.0,34.0,0,1,0,0,0,0,0,0,0,0,0,0,1,0,0,0,0,0,0,0,0,0,0,0,0,1,0,0,0,0,0,0,0,0,0,0,0,0,0,0
2000,El Paso,1,open,environment,99.0,0,1,0,0.0,0,0.0,0.0,0,0.0,,99.0,54.0,1,0,0,0,0,1,0,0,0,0,0,0,1,0,0,0,0,0,0,0,0,0,0,0,0,0,0,0,0,0,0,0,0,0,0,0,0,0,0,0
2001,El Paso,1,value,infrastructure,99.0,0,0,0,0.0,0,0.0,0.0,0,0.0,,99.0,46.0,0,0,0,1,0,0,0,0,0,0,0,0,0,0,0,0,0,1,0,0,0,0,0,0,0,0,0,0,0,0,0,0,0,0,0,0,0,0,0,0
2001,El Paso,1,transfer,open,99.0,0,0,0,0.0,0,0.0,0.0,0,0.0,,99.0,42.0,0,1,0,0,0,0,0,0,0,0,0,0,0,0,0,0,0,0,1,0,0,0,0,0,0,0,0,0,0,0,0,0,0,0,0,0,0,0,0,0
2002,El Paso,1,open,public safety,99.0,1,1,0,0.0,1,0.0,2860000.0,0,0.0,debt,99.0,38.0,0,0,0,0,1,0,0,0,0,0,0,0,1,0,0,0,0,0,0,0,0,0,0,0,0,0,0,0,0,0,0,0,0,0,0,0,1,0,0,0
2002,El Paso,1,nontax/tax,open,99.0,1,1,0,0.0,0,0.0,0.0,1,0.0,public safety,99.0,37.0,0,1,0,0,0,0,0,0,0,0,0,0,0,0,0,0,1,0,0,0,0,0,0,0,0,0,1,0,0,0,0,0,0,0,0,0,0,0,0,0
2003,El Paso,1,open,open,99.0,1,1,0,0.0,1,1.0,0.0,0,0.0,hss,99.0,40.0,0,1,0,0,0,0,0,0,0,0,0,0,1,0,0,0,0,0,0,0,0,0,0,0,0,0,0,1,0,0,0,0,0,0,0,0,0,0,0,0
2003,El Paso,1,transfer,open,99.0,1,1,0,0.0,0,0.0,0.0,0,0.0,,99.0,45.0,0,1,0,0,0,0,0,0,0,0,0,0,0,0,0,0,0,0,1,0,0,0,0,0,0,0,0,0,0,0,0,0,0,0,0,0,0,0,0,0
2004,El Paso,1,open,open,99.0,0,1,1,1.0,0,0.0,0.0,0,0.0,infrastructure,10.0,55.0,1,1,0,0,0,0,0,0,0,0,0,0,1,0,0,0,0,0,0,0,0,0,0,0,0,1,0,0,0,0,0,0,0,0,0,0,0,0,0,0
2004,El Paso,1,open,open,99.0,0,1,0,0.0,0,0.0,0.0,0,0.0,,99.0,55.0,1,1,0,0,0,0,0,0,0,0,0,0,1,0,0,0,0,0,0,0,0,0,0,0,0,0,0,0,0,0,0,0,0,0,0,0,0,0,0,0
2008,El Paso,1,open,open,99.0,1,1,1,1.0,0,0.0,0.0,0,0.0,public safety,18.0,40.0,0,1,0,0,0,0,0,0,0,0,0,0,1,0,0,0,0,0,0,0,0,0,0,0,0,0,1,0,0,0,0,0,0,0,0,0,0,0,0,0
2012,El Paso,1,open,open,99.0,0,0,1,0.23,0,0.0,0.0,0,0.0,public safety,99.0,64.2,1,1,0,0,0,0,0,0,0,0,0,0,1,0,0,0,0,0,0,0,0,0,0,0,0,0,1,0,0,0,0,0,0,0,0,0,0,0,0,0
1996,Elbert,1,open,economic development,99.0,1,0,0,0.0,0,0.0,0.0,0,0.0,,99.0,75.0,1,0,0,0,0,0,0,0,0,0,1,0,1,0,0,0,0,0,0,0,0,0,0,0,0,0,0,0,0,0,0,0,0,0,0,0,0,0,0,0
1998,Elbert,1,open,open,99.0,0,0,1,1.0,0,0.0,0.0,0,0.0,infrastructure/public safety,99.0,29.0,0,1,0,0,0,0,0,0,0,0,0,0,1,0,0,0,0,0,0,0,0,0,0,0,0,1,1,0,0,0,0,0,0,0,0,0,0,0,0,0
2000,Elbert,1,open,open,99.0,0,0,1,1.0,0,0.0,0.0,0,0.0,infrastructure/public safety,6.0,40.0,0,1,0,0,0,0,0,0,0,0,0,0,1,0,0,0,0,0,0,0,0,0,0,0,0,1,1,0,0,0,0,0,0,0,0,0,0,0,0,0
2004,Elbert,1,open,open,99.0,0,1,1,1.0,0,0.0,0.0,0,0.0,public safety,99.0,39.0,0,1,0,0,0,0,0,0,0,0,0,0,1,0,0,0,0,0,0,0,0,0,0,0,0,0,1,0,0,0,0,0,0,0,0,0,0,0,0,0
2007,Elbert,1,open,open,99.0,0,1,1,1.0,0,0.0,0.0,0,0.0,infrastructure,99.0,51.87,1,1,0,0,0,0,0,0,0,0,0,0,1,0,0,0,0,0,0,0,0,0,0,0,0,1,0,0,0,0,0,0,0,0,0,0,0,0,0,0
2010,Elbert,0,no waiver,no waiver,0.0,0,0,0,0.0,0,0.0,0.0,1,20000000.0,infrastructure,99.0,39.52,0,0,1,0,0,0,0,0,0,0,0,0,0,1,0,0,0,0,0,0,0,0,0,0,0,1,0,0,0,0,0,0,0,0,0,0,0,0,0,0
2013,Elbert,1,open,open,99.0,1,1,0,0.0,1,4.0,1045374.6,0,0.0,open,99.0,14.25,0,1,0,0,0,0,0,0,0,0,0,0,1,0,0,0,0,0,0,0,0,0,0,0,0,0,0,0,0,0,0,1,0,0,0,0,0,0,0,0
1993,Fremont,0,no waiver,no waiver,0.0,0,0,1,0.5,0,0.0,0.0,0,0.0,infrastructure,99.0,30.0,0,0,1,0,0,0,0,0,0,0,0,0,0,1,0,0,0,0,0,0,0,0,0,0,0,1,0,0,0,0,0,0,0,0,0,0,0,0,0,0
1993,Fremont,0,no waiver,no waiver,0.0,0,0,0,0.0,0,0.0,0.0,1,7000000.0,hss,99.0,29.0,0,0,1,0,0,0,0,0,0,0,0,0,0,1,0,0,0,0,0,0,0,0,0,0,0,0,0,1,0,0,0,0,0,0,0,0,0,0,0,0
1993,Fremont,1,open,open,99.0,0,0,0,0.0,0,0.0,0.0,0,0.0,,99.0,45.0,0,1,0,0,0,0,0,0,0,0,0,0,1,0,0,0,0,0,0,0,0,0,0,0,0,0,0,0,0,0,0,0,0,0,0,0,0,0,0,0
1994,Fremont,1,open,open,1.0,0,0,0,0.0,0,0.0,0.0,0,0.0,,99.0,65.0,1,1,0,0,0,0,0,0,0,0,0,0,1,0,0,0,0,0,0,0,0,0,0,0,0,0,0,0,0,0,0,0,0,0,0,0,0,0,0,0
1996,Fremont,1,open,open,99.0,0,0,1,0.25,0,0.0,0.0,0,0.0,public safety,99.0,34.0,0,1,0,0,0,0,0,0,0,0,0,0,1,0,0,0,0,0,0,0,0,0,0,0,0,0,1,0,0,0,0,0,0,0,0,0,0,0,0,0
1996,Fremont,1,open,open,99.0,0,0,0,0.0,0,6.0,0.0,0,0.0,,3.0,43.0,0,1,0,0,0,0,0,0,0,0,0,0,1,0,0,0,0,0,0,0,0,0,0,0,0,0,0,0,0,0,0,0,0,0,0,0,0,0,0,0
1997,Fremont,1,open,public safety,99.0,0,0,0,0.0,0,0.0,0.0,0,0.0,,99.0,50.0,1,0,0,0,1,0,0,0,0,0,0,0,1,0,0,0,0,0,0,0,0,0,0,0,0,0,0,0,0,0,0,0,0,0,0,0,0,0,0,0
2000,Fremont,1,open,open,99.0,0,1,0,0.0,0,0.0,0.0,0,0.0,,99.0,38.0,0,1,0,0,0,0,0,0,0,0,0,0,1,0,0,0,0,0,0,0,0,0,0,0,0,0,0,0,0,0,0,0,0,0,0,0,0,0,0,0
2001,Fremont,1,value,tourism,5.0,0,0,1,2.0,0,0.0,0.0,0,0.0,unspecified,99.0,54.0,1,0,0,0,0,0,0,0,0,0,0,1,0,0,0,0,0,1,0,0,0,0,0,0,0,0,0,0,0,1,0,0,0,0,0,0,0,0,0,0
2001,Fremont,1,open,open,99.0,0,0,0,0.0,0,0.0,0.0,0,0.0,,99.0,48.0,0,1,0,0,0,0,0,0,0,0,0,0,1,0,0,0,0,0,0,0,0,0,0,0,0,0,0,0,0,0,0,0,0,0,0,0,0,0,0,0
2002,Fremont,1,open,open,99.0,1,1,0,0.0,0,0.0,0.0,0,0.0,,99.0,44.0,0,1,0,0,0,0,0,0,0,0,0,0,1,0,0,0,0,0,0,0,0,0,0,0,0,0,0,0,0,0,0,0,0,0,0,0,0,0,0,0
2002,Fremont,1,open,open,99.0,1,1,1,0.39,0,0.0,0.0,0,0.0,public safety,99.0,38.0,0,1,0,0,0,0,0,0,0,0,0,0,1,0,0,0,0,0,0,0,0,0,0,0,0,0,1,0,0,0,0,0,0,0,0,0,0,0,0,0
2003,Fremont,1,tourism,open,99.0,1,1,0,0.0,0,0.0,0.0,0,0.0,,99.0,57.0,1,1,0,0,0,0,0,0,0,0,0,0,0,0,0,0,0,0,0,0,1,0,0,0,0,0,0,0,0,0,0,0,0,0,0,0,0,0,0,0
2006,Fremont,1,open,open,99.0,1,1,0,0.0,1,5.5,0.0,0,0.0,public safety,99.0,39.0,0,1,0,0,0,0,0,0,0,0,0,0,1,0,0,0,0,0,0,0,0,0,0,0,0,0,1,0,0,0,0,0,0,0,0,0,0,0,0,0
2006,Fremont,1,open,open,99.0,1,1,0,0.0,1,2.5,0.0,0,0.0,infrastructure,7.0,40.0,0,1,0,0,0,0,0,0,0,0,0,0,1,0,0,0,0,0,0,0,0,0,0,0,0,1,0,0,0,0,0,0,0,0,0,0,0,0,0,0
2006,Fremont,0,no waiver,no waiver,0.0,0,0,1,2.0,0,0.0,0.0,0,0.0,unspecified,10.0,78.0,1,0,1,0,0,0,0,0,0,0,0,0,0,1,0,0,0,0,0,0,0,0,0,0,0,0,0,0,0,1,0,0,0,0,0,0,0,0,0,0
2007,Fremont,1,open,open,99.0,0,1,1,0.05,0,0.0,0.0,0,0.0,public safety,99.0,47.44,0,1,0,0,0,0,0,0,0,0,0,0,1,0,0,0,0,0,0,0,0,0,0,0,0,0,1,0,0,0,0,0,0,0,0,0,0,0,0,0
2007,Fremont,1,property,open,8.0,1,1,0,0.0,0,0.0,0.0,0,0.0,,99.0,54.98,1,1,0,0,0,0,0,0,0,0,0,0,0,0,0,1,0,0,0,0,0,0,0,0,0,0,0,0,0,0,0,0,0,0,0,0,0,0,0,0
2009,Fremont,1,open,open,99.0,0,1,1,0.5,0,0.0,0.0,0,0.0,public safety,99.0,48.4,0,1,0,0,0,0,0,0,0,0,0,0,1,0,0,0,0,0,0,0,0,0,0,0,0,0,1,0,0,0,0,0,0,0,0,0,0,0,0,0
2013,Fremont,1,open,open,99.0,0,1,1,1.0,0,0.0,0.0,0,0.0,public safety,10.0,55.2,1,1,0,0,0,0,0,0,0,0,0,0,1,0,0,0,0,0,0,0,0,0,0,0,0,0,1,0,0,0,0,0,0,0,0,0,0,0,0,0
1994,Garfield,0,no waiver,no waiver,0.0,0,0,1,1.0,0,0.0,0.0,0,0.0,education,99.0,48.0,0,0,1,0,0,0,0,0,0,0,0,0,0,1,0,0,0,0,0,0,0,0,0,0,0,0,0,0,0,0,1,0,0,0,0,0,0,0,0,0
1994,Garfield,1,open,open,99.0,0,0,0,0.0,0,0.0,0.0,0,0.0,,99.0,57.0,1,1,0,0,0,0,0,0,0,0,0,0,1,0,0,0,0,0,0,0,0,0,0,0,0,0,0,0,0,0,0,0,0,0,0,0,0,0,0,0
1996,Garfield,0,no waiver,no waiver,0.0,0,0,1,0.75,0,0.0,0.0,0,0.0,,99.0,52.0,1,0,1,0,0,0,0,0,0,0,0,0,0,1,0,0,0,0,0,0,0,0,0,0,0,0,0,0,0,0,0,0,0,0,0,0,0,0,0,0
1999,Garfield,0,no waiver,no waiver,0.0,0,0,0,0.0,1,0.0,0.0,0,0.0,administrative,99.0,17.0,0,0,1,0,0,0,0,0,0,0,0,0,0,1,0,0,0,0,0,0,0,0,0,0,0,0,0,0,0,0,0,0,0,1,0,0,0,0,0,0
2004,Garfield,1,open,open,99.0,0,1,1,0.6,0,0.0,0.0,0,0.0,infrastructure,99.0,39.0,0,1,0,0,0,0,0,0,0,0,0,0,1,0,0,0,0,0,0,0,0,0,0,0,0,1,0,0,0,0,0,0,0,0,0,0,0,0,0,0
2012,Garfield,0,no waiver,no waiver,0.0,0,0,1,0.25,0,0.0,0.0,0,0.0,environment,10.0,44.7,0,0,1,0,0,0,0,0,0,0,0,0,0,1,0,0,0,0,0,0,0,0,0,0,0,0,0,0,1,0,0,0,0,0,0,0,0,0,0,0
1993,Gilpin,1,gaming,open,99.0,0,0,0,0.0,0,0.0,0.0,0,0.0,,99.0,89.0,1,1,0,0,0,0,0,0,0,0,0,0,0,0,0,0,0,0,0,0,0,0,0,1,0,0,0,0,0,0,0,0,0,0,0,0,0,0,0,0
1994,Grand,0,no waiver,no waiver,0.0,0,0,0,0.0,1,2.41,0.0,0,0.0,education,99.0,60.0,1,0,1,0,0,0,0,0,0,0,0,0,0,1,0,0,0,0,0,0,0,0,0,0,0,0,0,0,0,0,1,0,0,0,0,0,0,0,0,0
1994,Grand,1,sales,open,99.0,0,0,0,0.0,0,0.0,0.0,0,0.0,,99.0,53.0,1,1,0,0,0,0,0,0,0,0,0,0,0,0,1,0,0,0,0,0,0,0,0,0,0,0,0,0,0,0,0,0,0,0,0,0,0,0,0,0
1995,Grand,1,open,open,99.0,0,1,1,0.2,0,0.0,0.0,0,0.0,hss,10.0,39.0,0,1,0,0,0,0,0,0,0,0,0,0,1,0,0,0,0,0,0,0,0,0,0,0,0,0,0,1,0,0,0,0,0,0,0,0,0,0,0,0
1996,Grand,1,open,open,99.0,1,0,0,0.0,0,0.0,0.0,0,0.0,,99.0,57.0,1,1,0,0,0,0,0,0,0,0,0,0,1,0,0,0,0,0,0,0,0,0,0,0,0,0,0,0,0,0,0,0,0,0,0,0,0,0,0,0
1998,Grand,1,open,open,1.0,1,0,0,0.0,0,0.0,0.0,0,0.0,,99.0,38.0,0,1,0,0,0,0,0,0,0,0,0,0,1,0,0,0,0,0,0,0,0,0,0,0,0,0,0,0,0,0,0,0,0,0,0,0,0,0,0,0
2000,Grand,0,no waiver,no waiver,0.0,1,1,0,0.0,1,2.0,0.0,0,0.0,environment,7.0,29.0,0,0,1,0,0,0,0,0,0,0,0,0,0,1,0,0,0,0,0,0,0,0,0,0,0,0,0,0,1,0,0,0,0,0,0,0,0,0,0,0
2001,Grand,1,open,open,99.0,1,1,0,0.0,1,1.0,0.0,0,0.0,unspecified,99.0,44.0,0,1,0,0,0,0,0,0,0,0,0,0,1,0,0,0,0,0,0,0,0,0,0,0,0,0,0,0,0,1,0,0,0,0,0,0,0,0,0,0
2003,Grand,1,open,open,99.0,1,1,0,0.0,1,2.0,0.0,0,0.0,public safety,99.0,52.0,1,1,0,0,0,0,0,0,0,0,0,0,1,0,0,0,0,0,0,0,0,0,0,0,0,0,1,0,0,0,0,0,0,0,0,0,0,0,0,0
1994,Gunnison,1,open,open,99.0,0,0,0,0.0,1,1.5,0.0,0,0.0,hss,99.0,62.0,1,1,0,0,0,0,0,0,0,0,0,0,1,0,0,0,0,0,0,0,0,0,0,0,0,0,0,1,0,0,0,0,0,0,0,0,0,0,0,0
1996,Gunnison,1,open,open,99.0,0,0,0,0.0,0,0.0,0.0,0,0.0,,99.0,59.0,1,1,0,0,0,0,0,0,0,0,0,0,1,0,0,0,0,0,0,0,0,0,0,0,0,0,0,0,0,0,0,0,0,0,0,0,0,0,0,0
2000,Gunnison,1,open,open,99.0,0,1,0,0.0,0,0.0,0.0,0,0.0,,99.0,51.0,1,1,0,0,0,0,0,0,0,0,0,0,1,0,0,0,0,0,0,0,0,0,0,0,0,0,0,0,0,0,0,0,0,0,0,0,0,0,0,0
2001,Gunnison,0,no waiver,no waiver,0.0,0,0,0,0.0,0,0.0,0.0,1,1300000.0,environment,99.0,64.0,1,0,1,0,0,0,0,0,0,0,0,0,0,1,0,0,0,0,0,0,0,0,0,0,0,0,0,0,1,0,0,0,0,0,0,0,0,0,0,0
2005,Gunnison,0,no waiver,no waiver,0.0,1,1,0,0.0,1,1.65,0.0,0,0.0,public safety,20.0,51.0,1,0,1,0,0,0,0,0,0,0,0,0,0,1,0,0,0,0,0,0,0,0,0,0,0,0,1,0,0,0,0,0,0,0,0,0,0,0,0,0
2006,Gunnison,0,no waiver,no waiver,0.0,0,0,0,0.0,0,0.0,0.0,1,7100000.0,public safety,15.0,45.0,0,0,1,0,0,0,0,0,0,0,0,0,0,1,0,0,0,0,0,0,0,0,0,0,0,0,1,0,0,0,0,0,0,0,0,0,0,0,0,0
2009,Gunnison,1,nontax,open,99.0,0,1,0,0.0,0,0.0,0.0,1,3000000.0,infrastructure,99.0,60.9,1,1,0,0,0,0,0,0,0,0,0,0,0,0,0,0,1,0,0,0,0,0,0,0,0,1,0,0,0,0,0,0,0,0,0,0,0,0,0,0
1994,Hinsdale,1,open,open,99.0,0,0,0,0.0,0,0.0,0.0,0,0.0,,99.0,67.0,1,1,0,0,0,0,0,0,0,0,0,0,1,0,0,0,0,0,0,0,0,0,0,0,0,0,0,0,0,0,0,0,0,0,0,0,0,0,0,0
2002,Hinsdale,1,open,open,99.0,0,1,1,1.0,0,0.0,0.0,0,0.0,hss,99.0,53.0,1,1,0,0,0,0,0,0,0,0,0,0,1,0,0,0,0,0,0,0,0,0,0,0,0,0,0,1,0,0,0,0,0,0,0,0,0,0,0,0
2005,Hinsdale,1,open,open,99.0,0,1,0,0.0,1,3.825,0.0,0,0.0,public safety/infrastructure/administrative,99.0,55.0,1,1,0,0,0,0,0,0,0,0,0,0,1,0,0,0,0,0,0,0,0,0,0,0,0,1,1,0,0,0,0,0,0,1,0,0,0,0,0,0
2006,Hinsdale,1,open,open,99.0,0,1,0,0.0,1,6.9,0.0,0,0.0,open,99.0,56.0,1,1,0,0,0,0,0,0,0,0,0,0,1,0,0,0,0,0,0,0,0,0,0,0,0,0,0,0,0,0,0,1,0,0,0,0,0,0,0,0
2006,Hinsdale,1,open,open,99.0,1,1,0,0.0,0,0.0,0.0,0,0.0,,99.0,51.0,1,1,0,0,0,0,0,0,0,0,0,0,1,0,0,0,0,0,0,0,0,0,0,0,0,0,0,0,0,0,0,0,0,0,0,0,0,0,0,0
1994,Huerfano,0,no waiver,no waiver,0.0,0,0,1,0.225,0,0.0,0.0,0,0.0,infrastructure,99.0,34.0,0,0,1,0,0,0,0,0,0,0,0,0,0,1,0,0,0,0,0,0,0,0,0,0,0,1,0,0,0,0,0,0,0,0,0,0,0,0,0,0
1997,Huerfano,1,open,open,99.0,0,0,0,0.0,1,0.0,168000.0,0,0.0,administrative,99.0,24.0,0,1,0,0,0,0,0,0,0,0,0,0,1,0,0,0,0,0,0,0,0,0,0,0,0,0,0,0,0,0,0,0,0,1,0,0,0,0,0,0
1997,Huerfano,1,open,open,99.0,0,0,1,2.0,0,0.0,0.0,0,0.0,public safety,5.0,33.0,0,1,0,0,0,0,0,0,0,0,0,0,1,0,0,0,0,0,0,0,0,0,0,0,0,0,1,0,0,0,0,0,0,0,0,0,0,0,0,0
2004,Huerfano,1,open,open,99.0,0,1,1,2.0,0,0.0,0.0,0,0.0,tourism,4.0,44.0,0,1,0,0,0,0,0,0,0,0,0,0,1,0,0,0,0,0,0,0,0,0,0,0,0,0,0,0,0,0,0,0,1,0,0,0,0,0,0,0
2006,Huerfano,0,no waiver,no waiver,0.0,0,1,1,2.0,0,0.0,0.0,0,0.0,unspecified,99.0,72.0,1,0,1,0,0,0,0,0,0,0,0,0,0,1,0,0,0,0,0,0,0,0,0,0,0,0,0,0,0,1,0,0,0,0,0,0,0,0,0,0
2007,Huerfano,1,open,open,99.0,0,1,0,0.0,0,0.0,0.0,0,0.0,infrastructure,99.0,71.8,1,1,0,0,0,0,0,0,0,0,0,0,1,0,0,0,0,0,0,0,0,0,0,0,0,1,0,0,0,0,0,0,0,0,0,0,0,0,0,0
2008,Huerfano,1,open,open,99.0,0,1,1,1.0,0,0.0,0.0,0,0.0,public safety,99.0,49.0,0,1,0,0,0,0,0,0,0,0,0,0,1,0,0,0,0,0,0,0,0,0,0,0,0,0,1,0,0,0,0,0,0,0,0,0,0,0,0,0
2009,Huerfano,1,open,open,99.0,0,1,1,1.0,0,0.0,0.0,0,0.0,public safety,99.0,53.9,1,1,0,0,0,0,0,0,0,0,0,0,1,0,0,0,0,0,0,0,0,0,0,0,0,0,1,0,0,0,0,0,0,0,0,0,0,0,0,0
1999,Jackson,0,no waiver,no waiver,0.0,0,0,1,1.0,0,0.0,0.0,0,0.0,infrastructure/education,99.0,38.0,0,0,1,0,0,0,0,0,0,0,0,0,0,1,0,0,0,0,0,0,0,0,0,0,0,1,0,0,0,0,1,0,0,0,0,0,0,0,0,0
1999,Jackson,1,open,open,99.0,1,1,0,0.0,0,0.0,0.0,0,0.0,,99.0,59.0,1,1,0,0,0,0,0,0,0,0,0,0,1,0,0,0,0,0,0,0,0,0,0,0,0,0,0,0,0,0,0,0,0,0,0,0,0,0,0,0
2004,Jackson,1,open,open,99.0,0,1,1,1.0,0,0.0,0.0,0,0.0,education,4.0,51.0,1,1,0,0,0,0,0,0,0,0,0,0,1,0,0,0,0,0,0,0,0,0,0,0,0,0,0,0,0,0,1,0,0,0,0,0,0,0,0,0
2011,Jackson,1,open,open,99.0,0,1,1,1.0,0,0.0,0.0,0,0.0,education,99.0,0.0,0,1,0,0,0,0,0,0,0,0,0,0,1,0,0,0,0,0,0,0,0,0,0,0,0,0,0,0,0,0,1,0,0,0,0,0,0,0,0,0
1994,Jefferson,1,open,open,99.0,0,0,0,0.0,1,0.5,0.0,0,0.0,hss,99.0,34.0,0,1,0,0,0,0,0,0,0,0,0,0,1,0,0,0,0,0,0,0,0,0,0,0,0,0,0,1,0,0,0,0,0,0,0,0,0,0,0,0
1994,Jefferson,1,open,open,99.0,0,0,0,0.0,1,2.0,0.0,0,0.0,public safety,3.0,24.0,0,1,0,0,0,0,0,0,0,0,0,0,1,0,0,0,0,0,0,0,0,0,0,0,0,0,1,0,0,0,0,0,0,0,0,0,0,0,0,0
1998,Jefferson,1,open,open,99.0,0,0,0,0.0,0,0.0,0.0,1,0.0,environment,99.0,70.0,1,1,0,0,0,0,0,0,0,0,0,0,1,0,0,0,0,0,0,0,0,0,0,0,0,0,0,0,1,0,0,0,0,0,0,0,0,0,0,0
2000,Jefferson,1,open,open,99.0,1,1,0,0.0,1,5.0,0.0,0,0.0,education,99.0,42.0,0,1,0,0,0,0,0,0,0,0,0,0,1,0,0,0,0,0,0,0,0,0,0,0,0,0,0,0,0,0,1,0,0,0,0,0,0,0,0,0
2001,Jefferson,1,sales,infrastructure,99.0,0,0,1,0.0,0,0.0,0.0,0,0.0,,99.0,76.0,1,0,0,1,0,0,0,0,0,0,0,0,0,0,1,0,0,0,0,0,0,0,0,0,0,0,0,0,0,0,0,0,0,0,0,0,0,0,0,0
2003,Jefferson,1,open,open,99.0,0,1,0,0.0,1,0.575,0.0,0,0.0,hss,99.0,62.0,1,1,0,0,0,0,0,0,0,0,0,0,1,0,0,0,0,0,0,0,0,0,0,0,0,0,0,1,0,0,0,0,0,0,0,0,0,0,0,0
1997,Kiowa,1,open,open,99.0,0,1,0,0.0,0,0.0,0.0,0,0.0,,99.0,71.0,1,1,0,0,0,0,0,0,0,0,0,0,1,0,0,0,0,0,0,0,0,0,0,0,0,0,0,0,0,0,0,0,0,0,0,0,0,0,0,0
1997,Kiowa,1,open,education,99.0,0,1,0,0.0,0,0.0,0.0,0,0.0,,99.0,74.0,1,0,0,0,0,0,1,0,0,0,0,0,1,0,0,0,0,0,0,0,0,0,0,0,0,0,0,0,0,0,0,0,0,0,0,0,0,0,0,0
2007,Kiowa,1,open,open,99.0,1,1,0,0.0,1,7.0,0.0,0,0.0,hss,99.0,33.9,0,1,0,0,0,0,0,0,0,0,0,0,1,0,0,0,0,0,0,0,0,0,0,0,0,0,0,1,0,0,0,0,0,0,0,0,0,0,0,0
2008,Kiowa,0,no waiver,no waiver,0.0,0,0,0,0.0,1,7.0,0.0,0,0.0,open,11.0,47.0,0,0,1,0,0,0,0,0,0,0,0,0,0,1,0,0,0,0,0,0,0,0,0,0,0,0,0,0,0,0,0,1,0,0,0,0,0,0,0,0
2009,Kiowa,0,no waiver,no waiver,0.0,1,1,0,0.0,1,3.82,0.0,0,0.0,hss,99.0,63.6,1,0,1,0,0,0,0,0,0,0,0,0,0,1,0,0,0,0,0,0,0,0,0,0,0,0,0,1,0,0,0,0,0,0,0,0,0,0,0,0
1995,Kit Carson,1,open,open,99.0,0,0,0,0.0,0,0.0,0.0,1,2500000.0,public safety,99.0,41.0,0,1,0,0,0,0,0,0,0,0,0,0,1,0,0,0,0,0,0,0,0,0,0,0,0,0,1,0,0,0,0,0,0,0,0,0,0,0,0,0
1995,Kit Carson,1,open,open,99.0,0,0,1,0.75,0,0.0,0.0,0,0.0,public safety,99.0,41.0,0,1,0,0,0,0,0,0,0,0,0,0,1,0,0,0,0,0,0,0,0,0,0,0,0,0,1,0,0,0,0,0,0,0,0,0,0,0,0,0
1996,Kit Carson,1,open,unspecified,1.0,0,0,0,0.0,0,0.0,0.0,0,0.0,,99.0,48.0,0,0,0,0,0,0,0,1,0,0,0,0,1,0,0,0,0,0,0,0,0,0,0,0,0,0,0,0,0,0,0,0,0,0,0,0,0,0,0,0
1996,Kit Carson,1,open,open,99.0,1,0,1,0.0,0,0.0,0.0,1,4400000.0,unspecified,99.0,45.0,0,1,0,0,0,0,0,0,0,0,0,0,1,0,0,0,0,0,0,0,0,0,0,0,0,0,0,0,0,1,0,0,0,0,0,0,0,0,0,0
1997,Kit Carson,1,open,open,99.0,0,0,0,0.0,0,0.0,0.0,0,0.0,,99.0,76.0,1,1,0,0,0,0,0,0,0,0,0,0,1,0,0,0,0,0,0,0,0,0,0,0,0,0,0,0,0,0,0,0,0,0,0,0,0,0,0,0
1995,Lake,1,open,open,99.0,0,1,0,0.0,0,0.0,0.0,0,0.0,,99.0,49.0,0,1,0,0,0,0,0,0,0,0,0,0,1,0,0,0,0,0,0,0,0,0,0,0,0,0,0,0,0,0,0,0,0,0,0,0,0,0,0,0
1996,Lake,1,open,open,99.0,1,1,0,0.0,0,0.0,0.0,0,0.0,,99.0,51.0,1,1,0,0,0,0,0,0,0,0,0,0,1,0,0,0,0,0,0,0,0,0,0,0,0,0,0,0,0,0,0,0,0,0,0,0,0,0,0,0
2008,Lake,0,no waiver,no waiver,0.0,0,0,1,2.0,0,0.0,0.0,1,11700000.0,public safety,99.0,26.9,0,0,1,0,0,0,0,0,0,0,0,0,0,1,0,0,0,0,0,0,0,0,0,0,0,0,1,0,0,0,0,0,0,0,0,0,0,0,0,0
2009,Lake,1,open,open,99.0,1,1,0,0.0,1,1.0,0.0,0,0.0,infrastructure/environment,99.0,33.5,0,1,0,0,0,0,0,0,0,0,0,0,1,0,0,0,0,0,0,0,0,0,0,0,0,1,0,0,1,0,0,0,0,0,0,0,0,0,0,0
2011,Lake,1,open,open,99.0,1,1,0,0.0,0,0.0,0.0,0,0.0,,99.0,56.6,1,1,0,0,0,0,0,0,0,0,0,0,1,0,0,0,0,0,0,0,0,0,0,0,0,0,0,0,0,0,0,0,0,0,0,0,0,0,0,0
1994,La Plata,1,open,open,99.0,1,1,0,0.0,0,0.0,0.0,0,0.0,,99.0,66.0,1,1,0,0,0,0,0,0,0,0,0,0,1,0,0,0,0,0,0,0,0,0,0,0,0,0,0,0,0,0,0,0,0,0,0,0,0,0,0,0
1997,La Plata,1,open,open,5.0,1,1,0,0.0,0,0.0,0.0,0,0.0,,99.0,63.0,1,1,0,0,0,0,0,0,0,0,0,0,1,0,0,0,0,0,0,0,0,0,0,0,0,0,0,0,0,0,0,0,0,0,0,0,0,0,0,0
2000,La Plata,1,open,open,99.0,1,1,0,0.0,1,0.0,3130000.0,0,0.0,public safety,99.0,36.0,0,1,0,0,0,0,0,0,0,0,0,0,1,0,0,0,0,0,0,0,0,0,0,0,0,0,1,0,0,0,0,0,0,0,0,0,0,0,0,0
2001,La Plata,0,no waiver,no waiver,0.0,0,0,1,0.0,0,0.0,0.0,0,0.0,hss,99.0,24.0,0,0,1,0,0,0,0,0,0,0,0,0,0,1,0,0,0,0,0,0,0,0,0,0,0,0,0,1,0,0,0,0,0,0,0,0,0,0,0,0
2002,La Plata,1,open,open,99.0,1,1,0,0.0,0,0.0,0.0,0,0.0,,99.0,71.0,1,1,0,0,0,0,0,0,0,0,0,0,1,0,0,0,0,0,0,0,0,0,0,0,0,0,0,0,0,0,0,0,0,0,0,0,0,0,0,0
1994,Larimer,1,open,open,99.0,0,0,1,0.25,0,0.0,0.0,0,0.0,economic development,7.0,47.0,0,1,0,0,0,0,0,0,0,0,0,0,1,0,0,0,0,0,0,0,0,0,0,0,0,0,0,0,0,0,0,0,0,0,1,0,0,0,0,0
1994,Larimer,0,no waiver,no waiver,0.0,0,0,0,0.0,1,3.96,0.0,0,0.0,public safety,99.0,29.0,0,0,1,0,0,0,0,0,0,0,0,0,0,1,0,0,0,0,0,0,0,0,0,0,0,0,1,0,0,0,0,0,0,0,0,0,0,0,0,0
1994,Larimer,0,no waiver,no waiver,0.0,0,0,0,0.0,0,0.0,0.0,1,0.0,debt,99.0,71.0,1,0,1,0,0,0,0,0,0,0,0,0,0,1,0,0,0,0,0,0,0,0,0,0,0,0,0,0,0,0,0,0,0,0,0,0,1,0,0,0
1995,Larimer,1,open,open,99.0,0,1,1,0.25,0,0.0,0.0,0,0.0,environment,8.0,66.0,1,1,0,0,0,0,0,0,0,0,0,0,1,0,0,0,0,0,0,0,0,0,0,0,0,0,0,0,1,0,0,0,0,0,0,0,0,0,0,0
1996,Larimer,0,no waiver,no waiver,0.0,0,1,1,0.43,0,0.0,0.0,0,0.0,public safety,20.0,49.0,0,0,1,0,0,0,0,0,0,0,0,0,0,1,0,0,0,0,0,0,0,0,0,0,0,0,1,0,0,0,0,0,0,0,0,0,0,0,0,0
1997,Larimer,1,open,open,99.0,0,0,1,0.2,0,0.0,0.0,0,0.0,unspecified,15.0,50.0,1,1,0,0,0,0,0,0,0,0,0,0,1,0,0,0,0,0,0,0,0,0,0,0,0,0,0,0,0,1,0,0,0,0,0,0,0,0,0,0
1997,Larimer,1,open,open,99.0,0,0,1,0.2,0,0.0,0.0,0,0.0,public safety,17.0,51.0,1,1,0,0,0,0,0,0,0,0,0,0,1,0,0,0,0,0,0,0,0,0,0,0,0,0,1,0,0,0,0,0,0,0,0,0,0,0,0,0
1998,Larimer,1,open,open,99.0,0,0,1,0.1,0,0.0,0.0,0,0.0,tourism,1.0,54.0,1,1,0,0,0,0,0,0,0,0,0,0,1,0,0,0,0,0,0,0,0,0,0,0,0,0,0,0,0,0,0,0,1,0,0,0,0,0,0,0
1998,Larimer,1,open,open,99.0,0,0,0,0.0,1,0.19,0.0,0,0.0,environment,99.0,30.0,0,1,0,0,0,0,0,0,0,0,0,0,1,0,0,0,0,0,0,0,0,0,0,0,0,0,0,0,1,0,0,0,0,0,0,0,0,0,0,0
1999,Larimer,0,no waiver,no waiver,0.0,0,1,1,0.25,0,0.0,0.0,0,0.0,environment,99.0,60.0,1,0,1,0,0,0,0,0,0,0,0,0,0,1,0,0,0,0,0,0,0,0,0,0,0,0,0,0,1,0,0,0,0,0,0,0,0,0,0,0
1999,Larimer,0,no waiver,no waiver,0.0,0,1,1,0.15,0,0.0,0.0,0,0.0,tourism,99.0,51.0,1,0,1,0,0,0,0,0,0,0,0,0,0,1,0,0,0,0,0,0,0,0,0,0,0,0,0,0,0,0,0,0,1,0,0,0,0,0,0,0
1999,Larimer,0,no waiver,no waiver,0.0,0,0,0,0.0,0,0.0,0.0,0,0.0,agriculture,99.0,61.0,1,0,1,0,0,0,0,0,0,0,0,0,0,1,0,0,0,0,0,0,0,0,0,0,0,0,0,0,0,0,0,0,0,0,0,1,0,0,0,0
1999,Larimer,1,open,open,99.0,1,1,0,0.0,0,0.0,0.0,0,0.0,,99.0,51.0,1,1,0,0,0,0,0,0,0,0,0,0,1,0,0,0,0,0,0,0,0,0,0,0,0,0,0,0,0,0,0,0,0,0,0,0,0,0,0,0
2000,Larimer,1,open,open,99.0,1,1,0,0.0,1,1.0,0.0,0,0.0,hss,99.0,40.0,0,1,0,0,0,0,0,0,0,0,0,0,1,0,0,0,0,0,0,0,0,0,0,0,0,0,0,1,0,0,0,0,0,0,0,0,0,0,0,0
2001,Larimer,1,open,open,99.0,1,1,0,0.0,1,0.75,0.0,0,0.0,hss,99.0,53.0,1,1,0,0,0,0,0,0,0,0,0,0,1,0,0,0,0,0,0,0,0,0,0,0,0,0,0,1,0,0,0,0,0,0,0,0,0,0,0,0
2001,Larimer,0,no waiver,no waiver,0.0,0,0,1,0.15,0,0.0,0.0,0,0.0,tourism,1.0,55.0,1,0,1,0,0,0,0,0,0,0,0,0,0,1,0,0,0,0,0,0,0,0,0,0,0,0,0,0,0,0,0,0,1,0,0,0,0,0,0,0
2002,Larimer,1,open,open,99.0,1,1,0,0.0,1,0.3,0.0,0,0.0,hss,6.0,44.0,0,1,0,0,0,0,0,0,0,0,0,0,1,0,0,0,0,0,0,0,0,0,0,0,0,0,0,1,0,0,0,0,0,0,0,0,0,0,0,0
2003,Larimer,0,no waiver,no waiver,0.0,0,1,1,0.4,0,0.0,0.0,0,0.0,public safety,99.0,36.0,0,0,1,0,0,0,0,0,0,0,0,0,0,1,0,0,0,0,0,0,0,0,0,0,0,0,1,0,0,0,0,0,0,0,0,0,0,0,0,0
2004,Larimer,1,open,open,99.0,1,1,0,0.0,1,0.082,0.0,0,0.0,administrative,99.0,21.0,0,1,0,0,0,0,0,0,0,0,0,0,1,0,0,0,0,0,0,0,0,0,0,0,0,0,0,0,0,0,0,0,0,1,0,0,0,0,0,0
2006,Larimer,1,open,open,99.0,1,1,0,0.0,1,5.0,0.0,0,0.0,public safety,99.0,63.0,1,1,0,0,0,0,0,0,0,0,0,0,1,0,0,0,0,0,0,0,0,0,0,0,0,0,1,0,0,0,0,0,0,0,0,0,0,0,0,0
2008,Larimer,1,sales,open,99.0,0,1,1,0.25,0,0.0,0.0,0,0.0,hss,99.0,38.3,0,1,0,0,0,0,0,0,0,0,0,0,0,0,1,0,0,0,0,0,0,0,0,0,0,0,0,1,0,0,0,0,0,0,0,0,0,0,0,0
2011,Larimer,0,no waiver,no waiver,0.0,0,1,0,0.0,0,0.0,0.0,0,0.0,public safety,15.0,0.0,0,0,1,0,0,0,0,0,0,0,0,0,0,1,0,0,0,0,0,0,0,0,0,0,0,0,1,0,0,0,0,0,0,0,0,0,0,0,0,0
1994,Las Animas,0,no waiver,no waiver,0.0,0,0,1,0.5,0,0.0,0.0,0,0.0,infrastructure,99.0,38.0,0,0,1,0,0,0,0,0,0,0,0,0,0,1,0,0,0,0,0,0,0,0,0,0,0,1,0,0,0,0,0,0,0,0,0,0,0,0,0,0
1995,Las Animas,0,no waiver,no waiver,0.0,0,0,1,0.5,0,0.0,0.0,0,0.0,public safety,99.0,56.0,1,0,1,0,0,0,0,0,0,0,0,0,0,1,0,0,0,0,0,0,0,0,0,0,0,0,1,0,0,0,0,0,0,0,0,0,0,0,0,0
1996,Las Animas,1,open,open,99.0,0,1,1,0.5,0,0.0,0.0,1,3500000.0,public safety,99.0,43.0,0,1,0,0,0,0,0,0,0,0,0,0,1,0,0,0,0,0,0,0,0,0,0,0,0,0,1,0,0,0,0,0,0,0,0,0,0,0,0,0
1997,Las Animas,1,open,open,99.0,0,1,1,1.0,0,0.0,0.0,1,6600000.0,public safety,99.0,66.0,1,1,0,0,0,0,0,0,0,0,0,0,1,0,0,0,0,0,0,0,0,0,0,0,0,0,1,0,0,0,0,0,0,0,0,0,0,0,0,0
1998,Las Animas,1,open,open,99.0,0,0,0,0.0,0,0.0,0.0,0,0.0,,99.0,36.0,0,1,0,0,0,0,0,0,0,0,0,0,1,0,0,0,0,0,0,0,0,0,0,0,0,0,0,0,0,0,0,0,0,0,0,0,0,0,0,0
2000,Las Animas,1,open,open,10.0,1,1,0,0.0,0,0.0,0.0,0,0.0,,99.0,33.0,0,1,0,0,0,0,0,0,0,0,0,0,1,0,0,0,0,0,0,0,0,0,0,0,0,0,0,0,0,0,0,0,0,0,0,0,0,0,0,0
2001,Las Animas,1,nonproperty,open,99.0,0,0,0,0.0,0,0.0,0.0,0,0.0,,99.0,44.0,0,1,0,0,0,0,0,0,0,0,0,0,0,0,0,1,0,0,0,1,0,0,0,0,0,0,0,0,0,0,0,0,0,0,0,0,0,0,0,0
2002,Las Animas,1,open,open,11.0,1,1,0,0.0,0,0.0,0.0,0,0.0,,99.0,47.0,0,1,0,0,0,0,0,0,0,0,0,0,1,0,0,0,0,0,0,0,0,0,0,0,0,0,0,0,0,0,0,0,0,0,0,0,0,0,0,0
2004,Las Animas,1,open,open,99.0,0,1,1,1.0,0,0.0,0.0,0,0.0,limited choice,11.0,35.0,0,1,0,0,0,0,0,0,0,0,0,0,1,0,0,0,0,0,0,0,0,0,0,0,0,0,0,0,0,0,0,0,0,0,0,0,0,0,1,1
2005,Las Animas,1,transfer,open,99.0,0,1,0,0.0,0,0.0,0.0,0,0.0,,99.0,57.0,1,1,0,0,0,0,0,0,0,0,0,0,0,0,0,0,0,0,1,0,0,0,0,0,0,0,0,0,0,0,0,0,0,0,0,0,0,0,0,0
2005,Las Animas,1,open,open,5.0,1,1,0,0.0,0,0.0,0.0,0,0.0,,99.0,61.0,1,1,0,0,0,0,0,0,0,0,0,0,1,0,0,0,0,0,0,0,0,0,0,0,0,0,0,0,0,0,0,0,0,0,0,0,0,0,0,0
2005,Las Animas,0,no waiver,no waiver,0.0,1,1,0,0.0,1,3.0,0.0,0,0.0,infrastructure,99.0,68.0,1,0,1,0,0,0,0,0,0,0,0,0,0,1,0,0,0,0,0,0,0,0,0,0,0,1,0,0,0,0,0,0,0,0,0,0,0,0,0,0
2005,Las Animas,1,sales,public safety,99.0,0,1,0,0.0,0,0.0,0.0,0,0.0,,99.0,55.0,1,0,0,0,1,0,0,0,0,0,0,0,0,0,1,0,0,0,0,0,0,0,0,0,0,0,0,0,0,0,0,0,0,0,0,0,0,0,0,0
2007,Las Animas,1,open,open,99.0,0,1,1,1.0,0,0.0,0.0,1,20000000.0,infrastructure,10.0,30.6,0,1,0,0,0,0,0,0,0,0,0,0,1,0,0,0,0,0,0,0,0,0,0,0,0,1,0,0,0,0,0,0,0,0,0,0,0,0,0,0
2009,Las Animas,1,open,open,99.0,1,1,1,0.35,0,0.0,0.0,0,0.0,infrastructure,5.0,22.6,0,1,0,0,0,0,0,0,0,0,0,0,1,0,0,0,0,0,0,0,0,0,0,0,0,1,0,0,0,0,0,0,0,0,0,0,0,0,0,0
2009,Las Animas,1,open,open,99.0,1,1,1,0.1,0,0.0,0.0,0,0.0,hss,5.0,24.2,0,1,0,0,0,0,0,0,0,0,0,0,1,0,0,0,0,0,0,0,0,0,0,0,0,0,0,1,0,0,0,0,0,0,0,0,0,0,0,0
2009,Las Animas,1,open,open,99.0,1,1,1,0.05,0,0.0,0.0,0,0.0,unknown,5.0,14.1,0,1,0,0,0,0,0,0,0,0,0,0,1,0,0,0,0,0,0,0,0,0,0,0,0,0,0,0,0,0,0,0,0,0,0,0,0,1,0,0
2009,Las Animas,1,open,open,99.0,1,1,1,0.05,0,0.0,0.0,0,0.0,public safety,5.0,20.3,0,1,0,0,0,0,0,0,0,0,0,0,1,0,0,0,0,0,0,0,0,0,0,0,0,0,1,0,0,0,0,0,0,0,0,0,0,0,0,0
2009,Las Animas,1,open,open,99.0,1,1,0,0.0,0,0.0,0.0,0,0.0,,99.0,30.2,0,1,0,0,0,0,0,0,0,0,0,0,1,0,0,0,0,0,0,0,0,0,0,0,0,0,0,0,0,0,0,0,0,0,0,0,0,0,0,0
2010,Las Animas,1,open,open,99.0,0,1,1,1.0,0,0.0,0.0,1,9075000.0,hss,99.0,46.7,0,1,0,0,0,0,0,0,0,0,0,0,1,0,0,0,0,0,0,0,0,0,0,0,0,0,0,1,0,0,0,0,0,0,0,0,0,0,0,0
2013,Las Animas,1,open,open,99.0,0,1,1,1.5,0,0.0,0.0,0,0.0,unspecified,6.0,25.78,0,1,0,0,0,0,0,0,0,0,0,0,1,0,0,0,0,0,0,0,0,0,0,0,0,0,0,0,0,1,0,0,0,0,0,0,0,0,0,0
2013,Las Animas,1,open,open,99.0,1,1,0,0.0,0,0.0,0.0,0,0.0,unspecified,99.0,34.0,0,1,0,0,0,0,0,0,0,0,0,0,1,0,0,0,0,0,0,0,0,0,0,0,0,0,0,0,0,1,0,0,0,0,0,0,0,0,0,0
1993,Lincoln,0,no waiver,no waiver,0.0,0,0,0,0.0,1,4.0,0.0,0,0.0,hss,99.0,53.0,1,0,1,0,0,0,0,0,0,0,0,0,0,1,0,0,0,0,0,0,0,0,0,0,0,0,0,1,0,0,0,0,0,0,0,0,0,0,0,0
1995,Lincoln,1,open,open,99.0,0,0,0,0.0,0,0.0,0.0,0,0.0,,99.0,77.0,1,1,0,0,0,0,0,0,0,0,0,0,1,0,0,0,0,0,0,0,0,0,0,0,0,0,0,0,0,0,0,0,0,0,0,0,0,0,0,0
2008,Lincoln,1,tourism,open,99.0,1,1,1,2.0,0,0.0,0.0,0,0.0,unspecified,99.0,53.6,1,1,0,0,0,0,0,0,0,0,0,0,0,0,0,0,0,0,0,0,1,0,0,0,0,0,0,0,0,1,0,0,0,0,0,0,0,0,0,0
2010,Lincoln,0,no waiver,no waiver,0.0,0,1,0,0.0,0,0.0,0.0,0,0.0,,99.0,40.17,0,0,1,0,0,0,0,0,0,0,0,0,0,1,0,0,0,0,0,0,0,0,0,0,0,0,0,0,0,0,0,0,0,0,0,0,0,0,0,0
1994,Logan,1,transfer,infrastructure,99.0,0,0,0,0.0,0,0.0,0.0,0,0.0,,99.0,83.0,1,0,0,1,0,0,0,0,0,0,0,0,0,0,0,0,0,0,1,0,0,0,0,0,0,0,0,0,0,0,0,0,0,0,0,0,0,0,0,0
1995,Logan,1,open,open,99.0,0,0,1,0.5,0,0.0,0.0,0,0.0,infrastructure,99.0,52.0,1,1,0,0,0,0,0,0,0,0,0,0,1,0,0,0,0,0,0,0,0,0,0,0,0,1,0,0,0,0,0,0,0,0,0,0,0,0,0,0
1997,Logan,1,open,open,99.0,0,0,0,0.0,0,0.0,0.0,0,0.0,,99.0,52.0,1,1,0,0,0,0,0,0,0,0,0,0,1,0,0,0,0,0,0,0,0,0,0,0,0,0,0,0,0,0,0,0,0,0,0,0,0,0,0,0
1998,Logan,1,open,open,99.0,0,0,1,0.0,0,0.0,0.0,1,11950000.0,public safety,99.0,46.0,0,1,0,0,0,0,0,0,0,0,0,0,1,0,0,0,0,0,0,0,0,0,0,0,0,0,1,0,0,0,0,0,0,0,0,0,0,0,0,0
2000,Logan,1,open,open,99.0,0,1,1,0.5,0,0.0,0.0,0,0.0,public safety,25.0,57.0,1,1,0,0,0,0,0,0,0,0,0,0,1,0,0,0,0,0,0,0,0,0,0,0,0,0,1,0,0,0,0,0,0,0,0,0,0,0,0,0
2000,Logan,0,no waiver,no waiver,0.0,0,0,0,0.0,0,0.0,0.0,0,0.0,,99.0,52.0,1,0,1,0,0,0,0,0,0,0,0,0,0,1,0,0,0,0,0,0,0,0,0,0,0,0,0,0,0,0,0,0,0,0,0,0,0,0,0,0
2009,Logan,1,open,open,99.0,0,1,1,0.5,0,0.0,0.0,0,0.0,public safety,99.0,35.3,0,1,0,0,0,0,0,0,0,0,0,0,1,0,0,0,0,0,0,0,0,0,0,0,0,0,1,0,0,0,0,0,0,0,0,0,0,0,0,0
2009,Logan,0,no waiver,no waiver,0.0,0,0,0,0.0,0,0.0,0.0,0,0.0,,99.0,72.0,1,0,1,0,0,0,0,0,0,0,0,0,0,1,0,0,0,0,0,0,0,0,0,0,0,0,0,0,0,0,0,0,0,0,0,0,0,0,0,0
1994,Mesa,0,no waiver,no waiver,0.0,0,0,1,0.01,0,0.0,0.0,0,0.0,hss,10.0,34.0,0,0,1,0,0,0,0,0,0,0,0,0,0,1,0,0,0,0,0,0,0,0,0,0,0,0,0,1,0,0,0,0,0,0,0,0,0,0,0,0
1997,Mesa,1,nonproperty,open,99.0,0,0,0,0.0,0,0.0,0.0,0,0.0,,99.0,43.0,0,1,0,0,0,0,0,0,0,0,0,0,0,0,0,1,0,0,0,1,0,0,0,0,0,0,0,0,0,0,0,0,0,0,0,0,0,0,0,0
1997,Mesa,1,open,open,99.0,1,0,0,0.0,1,0.27,0.0,0,0.0,education,99.0,53.0,1,1,0,0,0,0,0,0,0,0,0,0,1,0,0,0,0,0,0,0,0,0,0,0,0,0,0,0,0,0,1,0,0,0,0,0,0,0,0,0
2001,Mesa,1,nontax,open,5.0,0,0,0,0.0,0,0.0,0.0,0,0.0,,99.0,42.0,0,1,0,0,0,0,0,0,0,0,0,0,0,0,0,0,1,0,0,0,0,0,0,0,0,0,0,0,0,0,0,0,0,0,0,0,0,0,0,0
2002,Mesa,1,transfer,open,3.0,0,1,0,0.0,0,0.0,0.0,0,0.0,,99.0,56.0,1,1,0,0,0,0,0,0,0,0,0,0,0,0,0,0,0,0,1,0,0,0,0,0,0,0,0,0,0,0,0,0,0,0,0,0,0,0,0,0
2002,Mesa,1,open,open,99.0,0,1,0,0.0,1,0.25,0.0,0,0.0,administrative,99.0,16.0,0,1,0,0,0,0,0,0,0,0,0,0,1,0,0,0,0,0,0,0,0,0,0,0,0,0,0,0,0,0,0,0,0,1,0,0,0,0,0,0
2003,Mesa,1,open,open,99.0,1,1,0,0.0,1,0.5,0.0,0,0.0,education,99.0,50.0,1,1,0,0,0,0,0,0,0,0,0,0,1,0,0,0,0,0,0,0,0,0,0,0,0,0,0,0,0,0,1,0,0,0,0,0,0,0,0,0
2003,Mesa,1,open,open,99.0,1,1,0,0.0,0,0.0,0.0,1,15700000.0,education,99.0,48.0,0,1,0,0,0,0,0,0,0,0,0,0,1,0,0,0,0,0,0,0,0,0,0,0,0,0,0,0,0,0,1,0,0,0,0,0,0,0,0,0
1995,Mineral,1,open,open,99.0,0,1,0,0.0,0,0.0,0.0,0,0.0,,99.0,92.0,1,1,0,0,0,0,0,0,0,0,0,0,1,0,0,0,0,0,0,0,0,0,0,0,0,0,0,0,0,0,0,0,0,0,0,0,0,0,0,0
1997,Mineral,0,no waiver,no waiver,0.0,0,0,1,0.6,0,0.0,0.0,0,0.0,hss,99.0,78.0,1,0,1,0,0,0,0,0,0,0,0,0,0,1,0,0,0,0,0,0,0,0,0,0,0,0,0,1,0,0,0,0,0,0,0,0,0,0,0,0
1998,Mineral,1,open,open,99.0,1,1,0,0.0,1,2.83,0.0,0,0.0,open,99.0,57.0,1,1,0,0,0,0,0,0,0,0,0,0,1,0,0,0,0,0,0,0,0,0,0,0,0,0,0,0,0,0,0,1,0,0,0,0,0,0,0,0
2001,Mineral,0,no waiver,no waiver,0.0,0,0,1,2.0,0,0.0,0.0,0,0.0,unspecified,99.0,59.0,1,0,1,0,0,0,0,0,0,0,0,0,0,1,0,0,0,0,0,0,0,0,0,0,0,0,0,0,0,1,0,0,0,0,0,0,0,0,0,0
2007,Mineral,1,open,open,99.0,0,1,1,1.0,0,0.0,0.0,0,0.0,public safety,5.0,48.6,0,1,0,0,0,0,0,0,0,0,0,0,1,0,0,0,0,0,0,0,0,0,0,0,0,0,1,0,0,0,0,0,0,0,0,0,0,0,0,0
2009,Mineral,1,open,open,99.0,1,1,1,0.05,0,0.0,0.0,0,0.0,hss,99.0,46.3,0,1,0,0,0,0,0,0,0,0,0,0,1,0,0,0,0,0,0,0,0,0,0,0,0,0,0,1,0,0,0,0,0,0,0,0,0,0,0,0
1996,Moffat,1,open,open,99.0,0,0,0,0.0,0,0.0,0.0,0,0.0,,99.0,62.0,1,1,0,0,0,0,0,0,0,0,0,0,1,0,0,0,0,0,0,0,0,0,0,0,0,0,0,0,0,0,0,0,0,0,0,0,0,0,0,0
2005,Moffat,1,property,open,5.0,1,1,0,0.0,0,0.0,0.0,0,0.0,,99.0,51.0,1,1,0,0,0,0,0,0,0,0,0,0,0,0,0,1,0,0,0,0,0,0,0,0,0,0,0,0,0,0,0,0,0,0,0,0,0,0,0,0
2005,Moffat,1,open,open,99.0,1,1,0,0.0,1,1.0,0.0,0,0.0,hss,99.0,54.0,1,1,0,0,0,0,0,0,0,0,0,0,1,0,0,0,0,0,0,0,0,0,0,0,0,0,0,1,0,0,0,0,0,0,0,0,0,0,0,0
2007,Moffat,1,open,open,99.0,1,1,0,0.0,1,3.0,0.0,0,0.0,hss,39.0,56.7,1,1,0,0,0,0,0,0,0,0,0,0,1,0,0,0,0,0,0,0,0,0,0,0,0,0,0,1,0,0,0,0,0,0,0,0,0,0,0,0
1994,Montezuma,0,no waiver,no waiver,0.0,0,0,1,1.0,0,0.0,0.0,0,0.0,infrastructure,99.0,33.0,0,0,1,0,0,0,0,0,0,0,0,0,0,1,0,0,0,0,0,0,0,0,0,0,0,1,0,0,0,0,0,0,0,0,0,0,0,0,0,0
1996,Montezuma,1,open,open,99.0,1,1,1,1.0,0,0.0,0.0,0,0.0,,99.0,35.0,0,1,0,0,0,0,0,0,0,0,0,0,1,0,0,0,0,0,0,0,0,0,0,0,0,0,0,0,0,0,0,0,0,0,0,0,0,0,0,0
1999,Montezuma,0,no waiver,no waiver,0.0,0,1,1,0.45,0,0.0,0.0,1,6260000.0,public safety,99.0,58.0,1,0,1,0,0,0,0,0,0,0,0,0,0,1,0,0,0,0,0,0,0,0,0,0,0,0,1,0,0,0,0,0,0,0,0,0,0,0,0,0
2002,Montezuma,1,open,open,99.0,1,1,0,0.0,0,0.0,0.0,0,0.0,,99.0,51.0,1,1,0,0,0,0,0,0,0,0,0,0,1,0,0,0,0,0,0,0,0,0,0,0,0,0,0,0,0,0,0,0,0,0,0,0,0,0,0,0
2004,Montezuma,1,open,open,99.0,0,1,1,0.551,0,0.0,0.0,0,0.0,infrastructure,99.0,44.0,0,1,0,0,0,0,0,0,0,0,0,0,1,0,0,0,0,0,0,0,0,0,0,0,0,1,0,0,0,0,0,0,0,0,0,0,0,0,0,0
2006,Montezuma,1,open,open,99.0,0,1,1,0.5,0,0.0,0.0,0,0.0,infrastructure,5.0,40.0,0,1,0,0,0,0,0,0,0,0,0,0,1,0,0,0,0,0,0,0,0,0,0,0,0,1,0,0,0,0,0,0,0,0,0,0,0,0,0,0
2006,Montezuma,1,open,open,99.0,0,1,1,0.5,0,0.0,0.0,0,0.0,infrastructure,5.0,30.0,0,1,0,0,0,0,0,0,0,0,0,0,1,0,0,0,0,0,0,0,0,0,0,0,0,1,0,0,0,0,0,0,0,0,0,0,0,0,0,0
2007,Montezuma,1,open,open,99.0,1,1,0,0.0,1,1.45,0.0,0,0.0,public safety,99.0,55.0,1,1,0,0,0,0,0,0,0,0,0,0,1,0,0,0,0,0,0,0,0,0,0,0,0,0,1,0,0,0,0,0,0,0,0,0,0,0,0,0
1993,Montrose,0,no waiver,no waiver,0.0,0,0,0,0.0,0,0.0,0.0,1,12000000.0,public safety,99.0,56.0,1,0,1,0,0,0,0,0,0,0,0,0,0,1,0,0,0,0,0,0,0,0,0,0,0,0,1,0,0,0,0,0,0,0,0,0,0,0,0,0
1996,Montrose,1,open,open,99.0,0,0,0,0.0,0,0.0,0.0,0,0.0,,99.0,35.0,0,1,0,0,0,0,0,0,0,0,0,0,1,0,0,0,0,0,0,0,0,0,0,0,0,0,0,0,0,0,0,0,0,0,0,0,0,0,0,0
1997,Montrose,1,transfer,open,99.0,0,0,0,0.0,0,0.0,0.0,0,0.0,,99.0,49.0,0,1,0,0,0,0,0,0,0,0,0,0,0,0,0,0,0,0,1,0,0,0,0,0,0,0,0,0,0,0,0,0,0,0,0,0,0,0,0,0
1999,Montrose,1,open,open,99.0,0,0,0,0.0,0,0.0,0.0,0,0.0,,99.0,41.0,0,1,0,0,0,0,0,0,0,0,0,0,1,0,0,0,0,0,0,0,0,0,0,0,0,0,0,0,0,0,0,0,0,0,0,0,0,0,0,0
2002,Montrose,1,nonproperty,open,99.0,0,1,0,0.0,0,0.0,0.0,0,0.0,,99.0,49.0,0,1,0,0,0,0,0,0,0,0,0,0,0,0,0,1,0,0,0,1,0,0,0,0,0,0,0,0,0,0,0,0,0,0,0,0,0,0,0,0
2003,Montrose,0,no waiver,no waiver,0.0,1,1,1,0.0,0,0.0,0.0,0,0.0,public safety/infrastructure,99.0,38.0,0,0,1,0,0,0,0,0,0,0,0,0,0,1,0,0,0,0,0,0,0,0,0,0,0,1,1,0,0,0,0,0,0,0,0,0,0,0,0,0
2004,Montrose,1,open,open,99.0,0,1,1,1.0,0,0.0,0.0,0,0.0,public safety/infrastructure,10.0,43.0,0,1,0,0,0,0,0,0,0,0,0,0,1,0,0,0,0,0,0,0,0,0,0,0,0,1,1,0,0,0,0,0,0,0,0,0,0,0,0,0
2005,Montrose,0,no waiver,no waiver,0.0,1,1,1,0.75,0,0.0,0.0,0,0.0,public safety,10.0,60.0,1,0,1,0,0,0,0,0,0,0,0,0,0,1,0,0,0,0,0,0,0,0,0,0,0,0,1,0,0,0,0,0,0,0,0,0,0,0,0,0
2005,Montrose,0,no waiver,no waiver,0.0,1,1,1,0.25,0,0.0,0.0,0,0.0,infrastructure,10.0,61.0,1,0,1,0,0,0,0,0,0,0,0,0,0,1,0,0,0,0,0,0,0,0,0,0,0,1,0,0,0,0,0,0,0,0,0,0,0,0,0,0
2006,Montrose,1,nonproperty,public safety/infrastructure/hss,99.0,0,1,0,0.0,0,0.0,0.0,0,0.0,,99.0,71.0,1,0,0,1,1,0,0,0,1,0,0,0,0,0,0,1,0,0,0,1,0,0,0,0,0,0,0,0,0,0,0,0,0,0,0,0,0,0,0,0
2007,Montrose,1,open,open,99.0,0,1,1,1.0,0,0.0,0.0,0,0.0,infrastructure,99.0,58.4,1,1,0,0,0,0,0,0,0,0,0,0,1,0,0,0,0,0,0,0,0,0,0,0,0,1,0,0,0,0,0,0,0,0,0,0,0,0,0,0
2007,Montrose,1,open,open,99.0,0,1,1,0.75,0,0.0,0.0,0,0.0,public safety,99.0,56.7,1,1,0,0,0,0,0,0,0,0,0,0,1,0,0,0,0,0,0,0,0,0,0,0,0,0,1,0,0,0,0,0,0,0,0,0,0,0,0,0
1996,Morgan,1,open,open,99.0,0,0,0,0.0,0,0.0,0.0,0,0.0,,99.0,60.0,1,1,0,0,0,0,0,0,0,0,0,0,1,0,0,0,0,0,0,0,0,0,0,0,0,0,0,0,0,0,0,0,0,0,0,0,0,0,0,0
1997,Morgan,1,open,open,99.0,0,1,1,1.0,0,0.0,0.0,1,8000000.0,hss,99.0,22.0,0,1,0,0,0,0,0,0,0,0,0,0,1,0,0,0,0,0,0,0,0,0,0,0,0,0,0,1,0,0,0,0,0,0,0,0,0,0,0,0
2004,Morgan,0,no waiver,no waiver,0.0,0,0,1,0.013,0,0.0,0.0,0,0.0,economic development,10.0,40.0,0,0,1,0,0,0,0,0,0,0,0,0,0,1,0,0,0,0,0,0,0,0,0,0,0,0,0,0,0,0,0,0,0,0,1,0,0,0,0,0
1995,Otero,1,open,open,99.0,0,0,0,0.0,0,0.0,0.0,0,0.0,,99.0,67.0,1,1,0,0,0,0,0,0,0,0,0,0,1,0,0,0,0,0,0,0,0,0,0,0,0,0,0,0,0,0,0,0,0,0,0,0,0,0,0,0
2002,Otero,0,no waiver,no waiver,0.0,0,0,0,0.0,1,1.5,0.0,0,0.0,environment,30.0,67.0,1,0,1,0,0,0,0,0,0,0,0,0,0,1,0,0,0,0,0,0,0,0,0,0,0,0,0,0,1,0,0,0,0,0,0,0,0,0,0,0
1994,Ouray,1,sales,open,99.0,0,0,0,0.0,0,0.0,0.0,0,0.0,,99.0,74.0,1,1,0,0,0,0,0,0,0,0,0,0,0,0,1,0,0,0,0,0,0,0,0,0,0,0,0,0,0,0,0,0,0,0,0,0,0,0,0,0
1995,Ouray,0,no waiver,no waiver,0.0,0,1,1,3.0,0,0.0,0.0,0,0.0,infrastructure,99.0,25.0,0,0,1,0,0,0,0,0,0,0,0,0,0,1,0,0,0,0,0,0,0,0,0,0,0,1,0,0,0,0,0,0,0,0,0,0,0,0,0,0
1995,Ouray,0,no waiver,no waiver,0.0,0,1,1,3.0,0,0.0,0.0,0,0.0,hss,99.0,35.0,0,0,1,0,0,0,0,0,0,0,0,0,0,1,0,0,0,0,0,0,0,0,0,0,0,0,0,1,0,0,0,0,0,0,0,0,0,0,0,0
1997,Ouray,1,open,open,99.0,0,1,0,0.0,0,0.0,0.0,0,0.0,,99.0,72.0,1,1,0,0,0,0,0,0,0,0,0,0,1,0,0,0,0,0,0,0,0,0,0,0,0,0,0,0,0,0,0,0,0,0,0,0,0,0,0,0
2000,Ouray,0,no waiver,no waiver,0.0,0,0,0,0.0,1,1.0,0.0,0,0.0,hss,10.0,62.0,1,0,1,0,0,0,0,0,0,0,0,0,0,1,0,0,0,0,0,0,0,0,0,0,0,0,0,1,0,0,0,0,0,0,0,0,0,0,0,0
2000,Ouray,1,open,open,99.0,0,1,0,0.0,0,0.0,0.0,0,0.0,,99.0,63.0,1,1,0,0,0,0,0,0,0,0,0,0,1,0,0,0,0,0,0,0,0,0,0,0,0,0,0,0,0,0,0,0,0,0,0,0,0,0,0,0
2000,Ouray,1,open,hss,99.0,0,0,0,0.0,0,0.0,0.0,1,0.0,,99.0,66.0,1,0,0,0,0,0,0,0,1,0,0,0,1,0,0,0,0,0,0,0,0,0,0,0,0,0,0,0,0,0,0,0,0,0,0,0,0,0,0,0
2002,Ouray,1,open,open,99.0,1,1,0,0.0,0,0.0,0.0,0,0.0,,99.0,54.0,1,1,0,0,0,0,0,0,0,0,0,0,1,0,0,0,0,0,0,0,0,0,0,0,0,0,0,0,0,0,0,0,0,0,0,0,0,0,0,0
2002,Ouray,1,open,open,99.0,1,1,1,1.0,0,0.0,0.0,0,0.0,environment,11.0,48.0,0,1,0,0,0,0,0,0,0,0,0,0,1,0,0,0,0,0,0,0,0,0,0,0,0,0,0,0,1,0,0,0,0,0,0,0,0,0,0,0
2004,Ouray,1,open,open,99.0,1,1,0,0.0,1,2.0,0.0,0,0.0,public safety,99.0,62.0,1,1,0,0,0,0,0,0,0,0,0,0,1,0,0,0,0,0,0,0,0,0,0,0,0,0,1,0,0,0,0,0,0,0,0,0,0,0,0,0
2007,Ouray,1,open,open,99.0,0,1,1,3.0,0,0.0,0.0,0,0.0,infrastructure,99.0,46.1,0,1,0,0,0,0,0,0,0,0,0,0,1,0,0,0,0,0,0,0,0,0,0,0,0,1,0,0,0,0,0,0,0,0,0,0,0,0,0,0
2007,Ouray,1,open,open,99.0,0,1,0,0.0,0,0.0,0.0,1,0.0,infrastructure,99.0,42.1,0,1,0,0,0,0,0,0,0,0,0,0,1,0,0,0,0,0,0,0,0,0,0,0,0,1,0,0,0,0,0,0,0,0,0,0,0,0,0,0
2008,Ouray,1,open,open,99.0,1,1,1,1.0,0,0.0,0.0,0,0.0,infrastructure,99.0,51.2,1,1,0,0,0,0,0,0,0,0,0,0,1,0,0,0,0,0,0,0,0,0,0,0,0,1,0,0,0,0,0,0,0,0,0,0,0,0,0,0
2013,Ouray,1,open,open,99.0,0,1,1,0.75,0,0.0,0.0,0,0.0,hss,10.0,41.25,0,1,0,0,0,0,0,0,0,0,0,0,1,0,0,0,0,0,0,0,0,0,0,0,0,0,0,1,0,0,0,0,0,0,0,0,0,0,0,0
1993,Park,1,nontax,open,99.0,0,0,0,0.0,0,0.0,0.0,0,0.0,,99.0,40.0,0,1,0,0,0,0,0,0,0,0,0,0,0,0,0,0,1,0,0,0,0,0,0,0,0,0,0,0,0,0,0,0,0,0,0,0,0,0,0,0
1994,Park,0,no waiver,no waiver,0.0,0,0,0,0.0,1,0.5,0.0,0,0.0,administrative,99.0,15.0,0,0,1,0,0,0,0,0,0,0,0,0,0,1,0,0,0,0,0,0,0,0,0,0,0,0,0,0,0,0,0,0,0,1,0,0,0,0,0,0
1994,Park,1,open,open,99.0,0,0,1,0.0,0,0.0,0.0,0,0.0,,99.0,27.0,0,1,0,0,0,0,0,0,0,0,0,0,1,0,0,0,0,0,0,0,0,0,0,0,0,0,0,0,0,0,0,0,0,0,0,0,0,0,0,0
1995,Park,1,open,open,99.0,0,0,1,1.0,0,0.0,0.0,0,0.0,infrastructure,10.0,49.0,0,1,0,0,0,0,0,0,0,0,0,0,1,0,0,0,0,0,0,0,0,0,0,0,0,1,0,0,0,0,0,0,0,0,0,0,0,0,0,0
1995,Park,1,nontax,open,99.0,1,0,0,0.0,0,0.0,0.0,0,0.0,,99.0,65.0,1,1,0,0,0,0,0,0,0,0,0,0,0,0,0,0,1,0,0,0,0,0,0,0,0,0,0,0,0,0,0,0,0,0,0,0,0,0,0,0
1995,Park,1,open,open,99.0,0,0,0,0.0,0,0.0,0.0,0,0.0,,99.0,61.0,1,1,0,0,0,0,0,0,0,0,0,0,1,0,0,0,0,0,0,0,0,0,0,0,0,0,0,0,0,0,0,0,0,0,0,0,0,0,0,0
1996,Park,1,open,open,99.0,0,0,1,1.0,0,0.0,0.0,0,0.0,infrastructure,10.0,40.0,0,1,0,0,0,0,0,0,0,0,0,0,1,0,0,0,0,0,0,0,0,0,0,0,0,1,0,0,0,0,0,0,0,0,0,0,0,0,0,0
1996,Park,1,open,open,99.0,0,1,0,0.0,0,0.0,0.0,1,4500000.0,public safety,99.0,56.0,1,1,0,0,0,0,0,0,0,0,0,0,1,0,0,0,0,0,0,0,0,0,0,0,0,0,1,0,0,0,0,0,0,0,0,0,0,0,0,0
1996,Park,1,property/value,open,99.0,1,0,0,0.0,0,0.0,0.0,0,0.0,,99.0,45.0,0,1,0,0,0,0,0,0,0,0,0,0,0,0,0,1,0,1,0,0,0,0,0,0,0,0,0,0,0,0,0,0,0,0,0,0,0,0,0,0
1997,Park,1,open,open,99.0,1,0,1,1.0,0,0.0,0.0,0,0.0,environment,11.0,71.0,1,1,0,0,0,0,0,0,0,0,0,0,1,0,0,0,0,0,0,0,0,0,0,0,0,0,0,0,1,0,0,0,0,0,0,0,0,0,0,0
1998,Park,1,open,open,99.0,0,0,0,0.0,0,0.0,0.0,0,0.0,,99.0,57.0,1,1,0,0,0,0,0,0,0,0,0,0,1,0,0,0,0,0,0,0,0,0,0,0,0,0,0,0,0,0,0,0,0,0,0,0,0,0,0,0
1998,Park,1,transfer,open,99.0,0,0,0,0.0,0,0.0,0.0,0,0.0,,99.0,54.0,1,1,0,0,0,0,0,0,0,0,0,0,0,0,0,0,0,0,1,0,0,0,0,0,0,0,0,0,0,0,0,0,0,0,0,0,0,0,0,0
1999,Park,0,no waiver,no waiver,0.0,0,0,1,1.0,0,0.0,0.0,0,0.0,administrative,99.0,43.0,0,0,1,0,0,0,0,0,0,0,0,0,0,1,0,0,0,0,0,0,0,0,0,0,0,0,0,0,0,0,0,0,0,1,0,0,0,0,0,0
2000,Park,1,open,open,99.0,0,1,1,1.0,0,0.0,0.0,0,0.0,administrative/environment,99.0,44.0,0,1,0,0,0,0,0,0,0,0,0,0,1,0,0,0,0,0,0,0,0,0,0,0,0,0,0,0,1,0,0,0,0,1,0,0,0,0,0,0
2001,Park,1,open,open,99.0,0,0,1,1.0,0,0.0,0.0,0,0.0,administrative/infrastructure,99.0,35.0,0,1,0,0,0,0,0,0,0,0,0,0,1,0,0,0,0,0,0,0,0,0,0,0,0,1,0,0,0,0,0,0,0,1,0,0,0,0,0,0
2001,Park,0,no waiver,no waiver,0.0,0,1,0,0.0,1,0.25,0.0,0,0.0,environment,99.0,34.0,0,0,1,0,0,0,0,0,0,0,0,0,0,1,0,0,0,0,0,0,0,0,0,0,0,0,0,0,1,0,0,0,0,0,0,0,0,0,0,0
2002,Park,1,open,open,99.0,1,1,0,0.0,0,0.0,0.0,0,0.0,,99.0,41.0,0,1,0,0,0,0,0,0,0,0,0,0,1,0,0,0,0,0,0,0,0,0,0,0,0,0,0,0,0,0,0,0,0,0,0,0,0,0,0,0
2003,Park,0,no waiver,no waiver,0.0,1,1,0,0.0,1,1.0,0.0,0,0.0,hss,99.0,34.0,0,0,1,0,0,0,0,0,0,0,0,0,0,1,0,0,0,0,0,0,0,0,0,0,0,0,0,1,0,0,0,0,0,0,0,0,0,0,0,0
2003,Park,1,nontax,open,99.0,1,1,0,0.0,0,0.0,0.0,0,0.0,,99.0,34.0,0,1,0,0,0,0,0,0,0,0,0,0,0,0,0,0,1,0,0,0,0,0,0,0,0,0,0,0,0,0,0,0,0,0,0,0,0,0,0,0
2003,Park,1,nontax,open,99.0,1,1,0,0.0,0,0.0,0.0,0,0.0,,99.0,36.0,0,1,0,0,0,0,0,0,0,0,0,0,0,0,0,0,1,0,0,0,0,0,0,0,0,0,0,0,0,0,0,0,0,0,0,0,0,0,0,0
2005,Park,1,property,open,5.0,0,1,1,1.0,0,0.0,0.0,0,0.0,,99.0,51.0,1,1,0,0,0,0,0,0,0,0,0,0,0,0,0,1,0,0,0,0,0,0,0,0,0,0,0,0,0,0,0,0,0,0,0,0,0,0,0,0
2005,Park,1,open,open,99.0,0,1,0,0.0,0,0.0,0.0,0,0.0,,99.0,61.0,1,1,0,0,0,0,0,0,0,0,0,0,1,0,0,0,0,0,0,0,0,0,0,0,0,0,0,0,0,0,0,0,0,0,0,0,0,0,0,0
2006,Park,1,open,open,99.0,0,1,1,1.0,0,0.0,0.0,0,0.0,environment,10.0,82.0,1,1,0,0,0,0,0,0,0,0,0,0,1,0,0,0,0,0,0,0,0,0,0,0,0,0,0,0,1,0,0,0,0,0,0,0,0,0,0,0
2007,Park,1,open,open,99.0,0,1,1,2.5,0,0.0,0.0,0,0.0,infrastructure,20.0,40.0,0,1,0,0,0,0,0,0,0,0,0,0,1,0,0,0,0,0,0,0,0,0,0,0,0,1,0,0,0,0,0,0,0,0,0,0,0,0,0,0
2010,Park,1,open,open,99.0,0,1,1,4.0,0,0.0,0.0,0,0.0,hss,99.0,62.88,1,1,0,0,0,0,0,0,0,0,0,0,1,0,0,0,0,0,0,0,0,0,0,0,0,0,0,1,0,0,0,0,0,0,0,0,0,0,0,0
2013,Park,1,open,open,99.0,0,1,0,0.0,1,0.9,0.0,0,0.0,education,99.0,20.03,0,1,0,0,0,0,0,0,0,0,0,0,1,0,0,0,0,0,0,0,0,0,0,0,0,0,0,0,0,0,1,0,0,0,0,0,0,0,0,0
1995,Phillips,1,open,open,99.0,0,0,0,0.0,0,0.0,0.0,0,0.0,,99.0,74.0,1,1,0,0,0,0,0,0,0,0,0,0,1,0,0,0,0,0,0,0,0,0,0,0,0,0,0,0,0,0,0,0,0,0,0,0,0,0,0,0
1997,Phillips,1,open,open,99.0,0,0,1,1.0,0,0.0,0.0,0,0.0,infrastructure/open,99.0,35.0,0,1,0,0,0,0,0,0,0,0,0,0,1,0,0,0,0,0,0,0,0,0,0,0,0,1,0,0,0,0,0,1,0,0,0,0,0,0,0,0
1998,Phillips,1,open,open,99.0,0,0,1,1.0,0,0.0,0.0,0,0.0,infrastructure/open,99.0,57.0,1,1,0,0,0,0,0,0,0,0,0,0,1,0,0,0,0,0,0,0,0,0,0,0,0,1,0,0,0,0,0,1,0,0,0,0,0,0,0,0
2005,Phillips,0,no waiver,no waiver,0.0,0,0,1,0.0,0,0.0,0.0,0,0.0,unspecified,99.0,69.0,1,0,1,0,0,0,0,0,0,0,0,0,0,1,0,0,0,0,0,0,0,0,0,0,0,0,0,0,0,1,0,0,0,0,0,0,0,0,0,0
1993,Pitkin,1,sales,open,99.0,0,1,0,0.0,0,0.0,0.0,0,0.0,,99.0,67.0,1,1,0,0,0,0,0,0,0,0,0,0,0,0,1,0,0,0,0,0,0,0,0,0,0,0,0,0,0,0,0,0,0,0,0,0,0,0,0,0
1993,Pitkin,0,no waiver,no waiver,0.0,0,0,0,0.0,1,0.0,151000.0,0,0.0,unspecified,1.0,29.0,0,0,1,0,0,0,0,0,0,0,0,0,0,1,0,0,0,0,0,0,0,0,0,0,0,0,0,0,0,1,0,0,0,0,0,0,0,0,0,0
1993,Pitkin,0,no waiver,no waiver,0.0,0,0,1,0.5,0,0.0,0.0,0,0.0,infrastructure,99.0,50.0,1,0,1,0,0,0,0,0,0,0,0,0,0,1,0,0,0,0,0,0,0,0,0,0,0,1,0,0,0,0,0,0,0,0,0,0,0,0,0,0
1993,Pitkin,0,no waiver,no waiver,0.0,0,0,0,0.0,0,0.0,0.0,1,0.0,hss,99.0,46.0,0,0,1,0,0,0,0,0,0,0,0,0,0,1,0,0,0,0,0,0,0,0,0,0,0,0,0,1,0,0,0,0,0,0,0,0,0,0,0,0
1993,Pitkin,0,no waiver,no waiver,0.0,0,0,0,0.0,0,0.0,0.0,1,0.0,infrastructure,99.0,51.0,1,0,1,0,0,0,0,0,0,0,0,0,0,1,0,0,0,0,0,0,0,0,0,0,0,1,0,0,0,0,0,0,0,0,0,0,0,0,0,0
1994,Pitkin,1,value,open,1.0,0,0,0,0.0,0,0.0,0.0,0,0.0,,99.0,73.0,1,1,0,0,0,0,0,0,0,0,0,0,0,0,0,0,0,1,0,0,0,0,0,0,0,0,0,0,0,0,0,0,0,0,0,0,0,0,0,0
1994,Pitkin,1,open,open,99.0,0,0,0,0.0,0,0.0,0.0,0,0.0,,99.0,67.0,1,1,0,0,0,0,0,0,0,0,0,0,1,0,0,0,0,0,0,0,0,0,0,0,0,0,0,0,0,0,0,0,0,0,0,0,0,0,0,0
1994,Pitkin,0,no waiver,no waiver,0.0,0,0,0,0.0,0,0.0,0.0,1,0.0,infrastructure,99.0,42.0,0,0,1,0,0,0,0,0,0,0,0,0,0,1,0,0,0,0,0,0,0,0,0,0,0,1,0,0,0,0,0,0,0,0,0,0,0,0,0,0
1994,Pitkin,0,no waiver,no waiver,0.0,0,0,0,0.0,0,0.0,0.0,1,0.0,infrastructure,99.0,39.0,0,0,1,0,0,0,0,0,0,0,0,0,0,1,0,0,0,0,0,0,0,0,0,0,0,1,0,0,0,0,0,0,0,0,0,0,0,0,0,0
1995,Pitkin,1,open,open,99.0,0,1,0,0.0,1,0.91,0.0,0,0.0,infrastructure,99.0,62.0,1,1,0,0,0,0,0,0,0,0,0,0,1,0,0,0,0,0,0,0,0,0,0,0,0,1,0,0,0,0,0,0,0,0,0,0,0,0,0,0
1995,Pitkin,0,no waiver,no waiver,0.0,0,0,0,0.0,0,0.0,0.0,1,2900000.0,infrastructure,99.0,40.0,0,0,1,0,0,0,0,0,0,0,0,0,0,1,0,0,0,0,0,0,0,0,0,0,0,1,0,0,0,0,0,0,0,0,0,0,0,0,0,0
1996,Pitkin,1,open,open,99.0,1,1,0,0.0,1,2.5,0.0,0,0.0,environment,99.0,58.0,1,1,0,0,0,0,0,0,0,0,0,0,1,0,0,0,0,0,0,0,0,0,0,0,0,0,0,0,1,0,0,0,0,0,0,0,0,0,0,0
1996,Pitkin,1,open,open,99.0,0,0,0,0.0,1,0.84,0.0,0,0.0,infrastructure,10.0,37.0,0,1,0,0,0,0,0,0,0,0,0,0,1,0,0,0,0,0,0,0,0,0,0,0,0,1,0,0,0,0,0,0,0,0,0,0,0,0,0,0
1996,Pitkin,0,no waiver,no waiver,0.0,0,0,1,3.0,0,0.0,0.0,0,0.0,infrastructure,20.0,49.0,0,0,1,0,0,0,0,0,0,0,0,0,0,1,0,0,0,0,0,0,0,0,0,0,0,1,0,0,0,0,0,0,0,0,0,0,0,0,0,0
1998,Pitkin,0,no waiver,no waiver,0.0,0,0,0,0.0,1,1.38,0.0,0,0.0,open,99.0,45.0,0,0,1,0,0,0,0,0,0,0,0,0,0,1,0,0,0,0,0,0,0,0,0,0,0,0,0,0,0,0,0,1,0,0,0,0,0,0,0,0
1999,Pitkin,0,no waiver,no waiver,0.0,0,1,0,0.0,1,1.25,0.0,1,12000000.0,environment,10.0,69.0,1,0,1,0,0,0,0,0,0,0,0,0,0,1,0,0,0,0,0,0,0,0,0,0,0,0,0,0,1,0,0,0,0,0,0,0,0,0,0,0
2000,Pitkin,0,no waiver,no waiver,0.0,0,1,0,0.0,0,0.0,0.0,1,10200000.0,infrastructure,99.0,64.0,1,0,1,0,0,0,0,0,0,0,0,0,0,1,0,0,0,0,0,0,0,0,0,0,0,1,0,0,0,0,0,0,0,0,0,0,0,0,0,0
2002,Pitkin,1,open,open,99.0,1,0,0,0.0,0,0.0,0.0,0,0.0,hss,5.0,70.0,1,1,0,0,0,0,0,0,0,0,0,0,1,0,0,0,0,0,0,0,0,0,0,0,0,0,0,1,0,0,0,0,0,0,0,0,0,0,0,0
2006,Pitkin,1,open,open,99.0,1,1,0,0.0,1,0.0,1250000.0,0,0.0,hss,99.0,70.0,1,1,0,0,0,0,0,0,0,0,0,0,1,0,0,0,0,0,0,0,0,0,0,0,0,0,0,1,0,0,0,0,0,0,0,0,0,0,0,0
2006,Pitkin,1,open,open,99.0,1,1,0,0.0,1,3.75,0.0,1,20000000.0,environment,99.0,72.0,1,1,0,0,0,0,0,0,0,0,0,0,1,0,0,0,0,0,0,0,0,0,0,0,0,0,0,0,1,0,0,0,0,0,0,0,0,0,0,0
2008,Pitkin,1,sales,open,99.0,1,0,1,0.1,0,0.0,0.0,1,12000000.0,environment,99.0,62.3,1,1,0,0,0,0,0,0,0,0,0,0,0,0,1,0,0,0,0,0,0,0,0,0,0,0,0,0,1,0,0,0,0,0,0,0,0,0,0,0
2008,Pitkin,0,no waiver,no waiver,0.0,1,0,0,0.0,1,2.0,0.0,0,0.0,infrastructure,99.0,48.4,0,0,1,0,0,0,0,0,0,0,0,0,0,1,0,0,0,0,0,0,0,0,0,0,0,1,0,0,0,0,0,0,0,0,0,0,0,0,0,0
2009,Pitkin,0,no waiver,no waiver,0.0,0,0,0,0.0,0,0.0,0.0,1,7000000.0,infrastructure,99.0,73.3,1,0,1,0,0,0,0,0,0,0,0,0,0,1,0,0,0,0,0,0,0,0,0,0,0,1,0,0,0,0,0,0,0,0,0,0,0,0,0,0
2011,Pitkin,1,open,open,99.0,0,1,0,0.0,1,0.0,0.0,0,0.0,hss,5.0,0.0,0,1,0,0,0,0,0,0,0,0,0,0,1,0,0,0,0,0,0,0,0,0,0,0,0,0,0,1,0,0,0,0,0,0,0,0,0,0,0,0
1994,Prowers,1,open,open,99.0,0,0,0,0.0,0,0.0,0.0,0,0.0,,99.0,51.0,1,1,0,0,0,0,0,0,0,0,0,0,1,0,0,0,0,0,0,0,0,0,0,0,0,0,0,0,0,0,0,0,0,0,0,0,0,0,0,0
2002,Prowers,0,no waiver,no waiver,0.0,0,0,0,0.0,1,1.5,0.0,0,0.0,environment,30.0,64.0,1,0,1,0,0,0,0,0,0,0,0,0,0,1,0,0,0,0,0,0,0,0,0,0,0,0,0,0,1,0,0,0,0,0,0,0,0,0,0,0
2003,Prowers,0,no waiver,no waiver,0.0,0,0,1,2.0,0,0.0,0.0,0,0.0,tourism,99.0,50.0,1,0,1,0,0,0,0,0,0,0,0,0,0,1,0,0,0,0,0,0,0,0,0,0,0,0,0,0,0,0,0,0,1,0,0,0,0,0,0,0
1995,Pueblo,1,open,open,99.0,1,0,0,0.0,1,1.75,0.0,0,0.0,education,99.0,55.0,1,1,0,0,0,0,0,0,0,0,0,0,1,0,0,0,0,0,0,0,0,0,0,0,0,0,0,0,0,0,1,0,0,0,0,0,0,0,0,0
1996,Pueblo,1,value,public safety/infrastructure,99.0,1,1,0,0.0,0,0.0,0.0,0,0.0,,99.0,63.0,1,0,0,1,1,0,0,0,0,0,0,0,0,0,0,0,0,1,0,0,0,0,0,0,0,0,0,0,0,0,0,0,0,0,0,0,0,0,0,0
1997,Pueblo,0,no waiver,no waiver,0.0,0,1,0,0.0,1,0.0,0.0,1,14000000.0,education,99.0,34.0,0,0,1,0,0,0,0,0,0,0,0,0,0,1,0,0,0,0,0,0,0,0,0,0,0,0,0,0,0,0,1,0,0,0,0,0,0,0,0,0
1999,Pueblo,1,open,open,99.0,1,1,0,0.0,0,0.0,0.0,1,14000000.0,education,99.0,54.0,1,1,0,0,0,0,0,0,0,0,0,0,1,0,0,0,0,0,0,0,0,0,0,0,0,0,0,0,0,0,1,0,0,0,0,0,0,0,0,0
2001,Pueblo,1,value,infrastructure,1.0,1,1,0,0.0,0,0.0,0.0,0,0.0,,99.0,63.0,1,0,0,1,0,0,0,0,0,0,0,0,0,0,0,0,0,1,0,0,0,0,0,0,0,0,0,0,0,0,0,0,0,0,0,0,0,0,0,0
2002,Pueblo,0,no waiver,no waiver,0.0,0,0,0,0.0,1,1.5,0.0,0,0.0,environment,30.0,63.0,1,0,1,0,0,0,0,0,0,0,0,0,0,1,0,0,0,0,0,0,0,0,0,0,0,0,0,0,1,0,0,0,0,0,0,0,0,0,0,0
2004,Pueblo,0,no waiver,no waiver,0.0,0,1,0,0.0,0,0.0,0.0,1,4059999.9999999995,hss,99.0,52.0,1,0,1,0,0,0,0,0,0,0,0,0,0,1,0,0,0,0,0,0,0,0,0,0,0,0,0,1,0,0,0,0,0,0,0,0,0,0,0,0
2004,Pueblo,1,open,open,99.0,0,1,0,0.0,1,1.0,0.0,0,0.0,hss,99.0,42.0,0,1,0,0,0,0,0,0,0,0,0,0,1,0,0,0,0,0,0,0,0,0,0,0,0,0,0,1,0,0,0,0,0,0,0,0,0,0,0,0
2006,Pueblo,1,open,open,5.0,1,1,0,0.0,0,0.0,0.0,0,0.0,,99.0,64.0,1,1,0,0,0,0,0,0,0,0,0,0,1,0,0,0,0,0,0,0,0,0,0,0,0,0,0,0,0,0,0,0,0,0,0,0,0,0,0,0
1993,Rio Blanco,0,no waiver,no waiver,0.0,0,0,0,0.0,1,1.33,0.0,0,0.0,unspecified,99.0,55.0,1,0,1,0,0,0,0,0,0,0,0,0,0,1,0,0,0,0,0,0,0,0,0,0,0,0,0,0,0,1,0,0,0,0,0,0,0,0,0,0
1996,Rio Blanco,1,open,open,99.0,1,1,0,0.0,0,0.0,0.0,0,0.0,,99.0,67.0,1,1,0,0,0,0,0,0,0,0,0,0,1,0,0,0,0,0,0,0,0,0,0,0,0,0,0,0,0,0,0,0,0,0,0,0,0,0,0,0
2001,Rio Blanco,1,open,open,99.0,0,1,1,1.6,0,0.0,0.0,0,0.0,unspecified,99.0,55.0,1,1,0,0,0,0,0,0,0,0,0,0,1,0,0,0,0,0,0,0,0,0,0,0,0,0,0,0,0,1,0,0,0,0,0,0,0,0,0,0
2002,Rio Blanco,1,open,open,99.0,0,0,0,0.0,1,3.0,0.0,0,0.0,open,99.0,31.0,0,1,0,0,0,0,0,0,0,0,0,0,1,0,0,0,0,0,0,0,0,0,0,0,0,0,0,0,0,0,0,1,0,0,0,0,0,0,0,0
2013,Rio Blanco,1,sales,open,99.0,0,1,1,0.5,0,0.0,0.0,0,0.0,tourism,5.0,42.72,0,1,0,0,0,0,0,0,0,0,0,0,0,0,1,0,0,0,0,0,0,0,0,0,0,0,0,0,0,0,0,0,1,0,0,0,0,0,0,0
1993,Rio Grande,0,no waiver,no waiver,0.0,0,0,1,1.0,0,0.0,0.0,0,0.0,open,99.0,45.0,0,0,1,0,0,0,0,0,0,0,0,0,0,1,0,0,0,0,0,0,0,0,0,0,0,0,0,0,0,0,0,1,0,0,0,0,0,0,0,0
1995,Rio Grande,1,open,open,99.0,0,0,1,1.0,0,0.0,0.0,0,0.0,open,99.0,53.0,1,1,0,0,0,0,0,0,0,0,0,0,1,0,0,0,0,0,0,0,0,0,0,0,0,0,0,0,0,0,0,1,0,0,0,0,0,0,0,0
1997,Rio Grande,1,open,open,99.0,1,1,1,0.6,0,0.0,0.0,0,0.0,hss,99.0,63.0,1,1,0,0,0,0,0,0,0,0,0,0,1,0,0,0,0,0,0,0,0,0,0,0,0,0,0,1,0,0,0,0,0,0,0,0,0,0,0,0
1999,Rio Grande,1,open,open,99.0,1,0,0,0.0,0,0.0,0.0,0,0.0,,99.0,67.0,1,1,0,0,0,0,0,0,0,0,0,0,1,0,0,0,0,0,0,0,0,0,0,0,0,0,0,0,0,0,0,0,0,0,0,0,0,0,0,0
2005,Rio Grande,1,open,open,99.0,1,1,0,0.0,1,3.0,0.0,0,0.0,unspecified,99.0,59.0,1,1,0,0,0,0,0,0,0,0,0,0,1,0,0,0,0,0,0,0,0,0,0,0,0,0,0,0,0,1,0,0,0,0,0,0,0,0,0,0
2010,Rio Grande,1,open,open,99.0,1,1,0,0.0,1,1.0,0.0,0,0.0,hss,99.0,42.96,0,1,0,0,0,0,0,0,0,0,0,0,1,0,0,0,0,0,0,0,0,0,0,0,0,0,0,1,0,0,0,0,0,0,0,0,0,0,0,0
2010,Rio Grande,1,open,open,99.0,1,1,0,0.0,1,1.0,0.0,0,0.0,open,99.0,31.01,0,1,0,0,0,0,0,0,0,0,0,0,1,0,0,0,0,0,0,0,0,0,0,0,0,0,0,0,0,0,0,1,0,0,0,0,0,0,0,0
1994,Routt,1,open,open,99.0,0,0,0,0.0,1,0.0,1070000.0,0,0.0,infrastructure,99.0,75.0,1,1,0,0,0,0,0,0,0,0,0,0,1,0,0,0,0,0,0,0,0,0,0,0,0,1,0,0,0,0,0,0,0,0,0,0,0,0,0,0
1994,Routt,1,open,open,99.0,0,0,0,0.0,1,0.0,51000.0,0,0.0,infrastructure,5.0,34.0,0,1,0,0,0,0,0,0,0,0,0,0,1,0,0,0,0,0,0,0,0,0,0,0,0,1,0,0,0,0,0,0,0,0,0,0,0,0,0,0
1995,Routt,1,value,open,99.0,0,0,0,0.0,0,0.0,0.0,0,0.0,,99.0,73.0,1,1,0,0,0,0,0,0,0,0,0,0,0,0,0,0,0,1,0,0,0,0,0,0,0,0,0,0,0,0,0,0,0,0,0,0,0,0,0,0
1995,Routt,1,open,open,5.0,0,0,0,0.0,0,0.0,0.0,0,0.0,,99.0,66.0,1,1,0,0,0,0,0,0,0,0,0,0,1,0,0,0,0,0,0,0,0,0,0,0,0,0,0,0,0,0,0,0,0,0,0,0,0,0,0,0
1996,Routt,1,open,open,99.0,1,0,0,0.0,1,1.0,0.0,0,0.0,environment,10.0,51.0,1,1,0,0,0,0,0,0,0,0,0,0,1,0,0,0,0,0,0,0,0,0,0,0,0,0,0,0,1,0,0,0,0,0,0,0,0,0,0,0
1998,Routt,1,open,open,99.0,1,0,0,0.0,0,0.0,0.0,0,0.0,,99.0,56.0,1,1,0,0,0,0,0,0,0,0,0,0,1,0,0,0,0,0,0,0,0,0,0,0,0,0,0,0,0,0,0,0,0,0,0,0,0,0,0,0
2001,Routt,1,open,open,99.0,1,0,0,0.0,1,1.0,0.0,0,0.0,hss,99.0,25.0,0,1,0,0,0,0,0,0,0,0,0,0,1,0,0,0,0,0,0,0,0,0,0,0,0,0,0,1,0,0,0,0,0,0,0,0,0,0,0,0
2002,Routt,0,no waiver,no waiver,0.0,0,1,0,0.0,0,1.3,0.0,1,0.0,public safety,99.0,41.0,0,0,1,0,0,0,0,0,0,0,0,0,0,1,0,0,0,0,0,0,0,0,0,0,0,0,1,0,0,0,0,0,0,0,0,0,0,0,0,0
2003,Routt,1,open,open,99.0,1,1,0,0.0,1,0.3,0.0,0,0.0,tourism,99.0,56.0,1,1,0,0,0,0,0,0,0,0,0,0,1,0,0,0,0,0,0,0,0,0,0,0,0,0,0,0,0,0,0,0,1,0,0,0,0,0,0,0
2005,Routt,1,open,open,99.0,1,1,0,0.0,1,1.5,0.0,0,0.0,environment,20.0,59.0,1,1,0,0,0,0,0,0,0,0,0,0,1,0,0,0,0,0,0,0,0,0,0,0,0,0,0,0,1,0,0,0,0,0,0,0,0,0,0,0
2005,Routt,1,open,open,99.0,1,1,0,0.0,1,1.0,0.0,0,0.0,hss,99.0,58.0,1,1,0,0,0,0,0,0,0,0,0,0,1,0,0,0,0,0,0,0,0,0,0,0,0,0,0,1,0,0,0,0,0,0,0,0,0,0,0,0
2007,Routt,1,open,unspecified/debt,99.0,1,1,0,0.0,0,0.0,0.0,0,0.0,,99.0,32.63,0,0,0,0,0,0,0,1,0,1,0,0,1,0,0,0,0,0,0,0,0,0,0,0,0,0,0,0,0,0,0,0,0,0,0,0,0,0,0,0
1994,Saguache,0,no waiver,no waiver,0.0,0,0,0,0.0,1,3.0,0.0,0,0.0,education,99.0,35.0,0,0,1,0,0,0,0,0,0,0,0,0,0,1,0,0,0,0,0,0,0,0,0,0,0,0,0,0,0,0,1,0,0,0,0,0,0,0,0,0
1996,Saguache,1,open,open,99.0,0,0,0,0.0,0,0.0,0.0,0,0.0,,99.0,54.0,1,1,0,0,0,0,0,0,0,0,0,0,1,0,0,0,0,0,0,0,0,0,0,0,0,0,0,0,0,0,0,0,0,0,0,0,0,0,0,0
1996,Saguache,1,open,open,99.0,0,1,1,0.5,0,0.0,0.0,1,450000.0,public safety,3.0,46.0,0,1,0,0,0,0,0,0,0,0,0,0,1,0,0,0,0,0,0,0,0,0,0,0,0,0,1,0,0,0,0,0,0,0,0,0,0,0,0,0
1998,Saguache,1,open,open,99.0,0,0,1,1.0,0,0.0,0.0,0,0.0,infrastructure,99.0,47.0,0,1,0,0,0,0,0,0,0,0,0,0,1,0,0,0,0,0,0,0,0,0,0,0,0,1,0,0,0,0,0,0,0,0,0,0,0,0,0,0
1994,San Juan,0,no waiver,no waiver,0.0,0,0,1,3.0,0,0.0,0.0,0,0.0,unspecified,99.0,68.0,1,0,1,0,0,0,0,0,0,0,0,0,0,1,0,0,0,0,0,0,0,0,0,0,0,0,0,0,0,1,0,0,0,0,0,0,0,0,0,0
1995,San Juan,1,open,open,99.0,1,1,0,0.0,0,0.0,0.0,0,0.0,,99.0,67.0,1,1,0,0,0,0,0,0,0,0,0,0,1,0,0,0,0,0,0,0,0,0,0,0,0,0,0,0,0,0,0,0,0,0,0,0,0,0,0,0
1996,San Juan,1,open,open,99.0,1,0,1,2.0,0,0.0,0.0,0,0.0,tourism,99.0,57.0,1,1,0,0,0,0,0,0,0,0,0,0,1,0,0,0,0,0,0,0,0,0,0,0,0,0,0,0,0,0,0,0,1,0,0,0,0,0,0,0
1998,San Juan,1,open,open,99.0,1,0,0,5.5,0,0.0,0.0,0,0.0,unspecified,99.0,70.0,1,1,0,0,0,0,0,0,0,0,0,0,1,0,0,0,0,0,0,0,0,0,0,0,0,0,0,0,0,1,0,0,0,0,0,0,0,0,0,0
2011,San Juan,0,no waiver,no waiver,0.0,0,0,0,0.0,1,1.0,0.0,0,0.0,public safety,99.0,46.3,0,0,1,0,0,0,0,0,0,0,0,0,0,1,0,0,0,0,0,0,0,0,0,0,0,0,1,0,0,0,0,0,0,0,0,0,0,0,0,0
2012,San Juan,1,open,open,99.0,0,1,1,1.0,0,0.0,0.0,0,0.0,public safety,99.0,60.6,1,1,0,0,0,0,0,0,0,0,0,0,1,0,0,0,0,0,0,0,0,0,0,0,0,0,1,0,0,0,0,0,0,0,0,0,0,0,0,0
1993,San Miguel,1,tourism,open,99.0,0,0,1,2.0,0,0.0,0.0,0,0.0,unspecified,99.0,58.0,1,1,0,0,0,0,0,0,0,0,0,0,0,0,0,0,0,0,0,0,1,0,0,0,0,0,0,0,0,1,0,0,0,0,0,0,0,0,0,0
1994,San Miguel,1,value,open,99.0,0,0,0,0.0,0,0.0,0.0,0,0.0,,99.0,51.0,1,1,0,0,0,0,0,0,0,0,0,0,0,0,0,0,0,1,0,0,0,0,0,0,0,0,0,0,0,0,0,0,0,0,0,0,0,0,0,0
1995,San Miguel,0,no waiver,no waiver,0.0,1,0,0,0.0,1,0.0,150000.0,0,0.0,infrastructure,1.0,38.0,0,0,1,0,0,0,0,0,0,0,0,0,0,1,0,0,0,0,0,0,0,0,0,0,0,1,0,0,0,0,0,0,0,0,0,0,0,0,0,0
1998,San Miguel,1,open,open,99.0,0,0,0,0.0,1,0.5,0.0,0,0.0,infrastructure,99.0,48.0,0,1,0,0,0,0,0,0,0,0,0,0,1,0,0,0,0,0,0,0,0,0,0,0,0,1,0,0,0,0,0,0,0,0,0,0,0,0,0,0
1998,San Miguel,1,open,open,99.0,1,0,0,0.0,1,1.0,0.0,0,0.0,infrastructure,99.0,60.0,1,1,0,0,0,0,0,0,0,0,0,0,1,0,0,0,0,0,0,0,0,0,0,0,0,1,0,0,0,0,0,0,0,0,0,0,0,0,0,0
2001,San Miguel,1,open,open,99.0,1,1,0,0.0,1,1.5,0.0,0,0.0,environment,99.0,59.0,1,1,0,0,0,0,0,0,0,0,0,0,1,0,0,0,0,0,0,0,0,0,0,0,0,0,0,0,1,0,0,0,0,0,0,0,0,0,0,0
2005,San Miguel,1,open,open,99.0,0,1,0,0.0,0,0.0,0.0,0,0.0,open,99.0,61.0,1,1,0,0,0,0,0,0,0,0,0,0,1,0,0,0,0,0,0,0,0,0,0,0,0,0,0,0,0,0,0,1,0,0,0,0,0,0,0,0
2008,San Miguel,1,open,open,99.0,1,1,0,0.0,1,0.75,0.0,0,0.0,hss,99.0,45.3,0,1,0,0,0,0,0,0,0,0,0,0,1,0,0,0,0,0,0,0,0,0,0,0,0,0,0,1,0,0,0,0,0,0,0,0,0,0,0,0
1994,Sedgwick,0,no waiver,no waiver,0.0,0,0,1,1.0,0,0.0,0.0,1,0.0,infrastructure,99.0,31.0,0,0,1,0,0,0,0,0,0,0,0,0,0,1,0,0,0,0,0,0,0,0,0,0,0,1,0,0,0,0,0,0,0,0,0,0,0,0,0,0
1996,Sedgwick,1,open,open,99.0,0,0,0,0.0,0,0.0,0.0,0,0.0,,99.0,68.0,1,1,0,0,0,0,0,0,0,0,0,0,1,0,0,0,0,0,0,0,0,0,0,0,0,0,0,0,0,0,0,0,0,0,0,0,0,0,0,0
1996,Sedgwick,1,open,open,99.0,0,1,1,1.0,0,0.0,0.0,1,3500000.0,hss,99.0,52.0,1,1,0,0,0,0,0,0,0,0,0,0,1,0,0,0,0,0,0,0,0,0,0,0,0,0,0,1,0,0,0,0,0,0,0,0,0,0,0,0
1993,Summit,0,no waiver,no waiver,0.0,0,0,0,0.0,1,2.321,0.0,0,0.0,environment/education,99.0,56.0,1,0,1,0,0,0,0,0,0,0,0,0,0,1,0,0,0,0,0,0,0,0,0,0,0,0,0,0,1,0,1,0,0,0,0,0,0,0,0,0
1993,Summit,0,no waiver,no waiver,0.0,0,0,0,0.0,0,0.0,0.0,1,4470000.0,infrastructure,99.0,51.0,1,0,1,0,0,0,0,0,0,0,0,0,0,1,0,0,0,0,0,0,0,0,0,0,0,1,0,0,0,0,0,0,0,0,0,0,0,0,0,0
1998,Summit,1,open,open,99.0,0,0,0,0.0,0,0.0,0.0,0,0.0,,99.0,60.0,1,1,0,0,0,0,0,0,0,0,0,0,1,0,0,0,0,0,0,0,0,0,0,0,0,0,0,0,0,0,0,0,0,0,0,0,0,0,0,0
1999,Summit,0,no waiver,no waiver,0.0,1,1,0,0.0,1,0.0,0.0,0,0.0,environment,99.0,65.0,1,0,1,0,0,0,0,0,0,0,0,0,0,1,0,0,0,0,0,0,0,0,0,0,0,0,0,0,1,0,0,0,0,0,0,0,0,0,0,0
1999,Summit,0,no waiver,no waiver,0.0,0,0,0,0.0,0,0.0,0.0,1,450000.0,infrastructure,99.0,83.0,1,0,1,0,0,0,0,0,0,0,0,0,0,1,0,0,0,0,0,0,0,0,0,0,0,1,0,0,0,0,0,0,0,0,0,0,0,0,0,0
2001,Summit,0,no waiver,no waiver,0.0,0,0,1,0.25,0,0.0,0.0,0,0.0,infrastructure,99.0,59.0,1,0,1,0,0,0,0,0,0,0,0,0,0,1,0,0,0,0,0,0,0,0,0,0,0,1,0,0,0,0,0,0,0,0,0,0,0,0,0,0
2001,Summit,0,no waiver,no waiver,0.0,0,0,0,0.0,0,0.0,0.0,1,90000.0,infrastructure,99.0,66.0,1,0,1,0,0,0,0,0,0,0,0,0,0,1,0,0,0,0,0,0,0,0,0,0,0,1,0,0,0,0,0,0,0,0,0,0,0,0,0,0
2001,Summit,0,no waiver,no waiver,0.0,0,0,0,0.0,0,0.0,0.0,1,495000.0,infrastructure,99.0,73.0,1,0,1,0,0,0,0,0,0,0,0,0,0,1,0,0,0,0,0,0,0,0,0,0,0,1,0,0,0,0,0,0,0,0,0,0,0,0,0,0
2001,Summit,0,no waiver,no waiver,0.0,0,0,0,0.0,0,0.0,0.0,1,140000.0,infrastructure,99.0,83.0,1,0,1,0,0,0,0,0,0,0,0,0,0,1,0,0,0,0,0,0,0,0,0,0,0,1,0,0,0,0,0,0,0,0,0,0,0,0,0,0
2001,Summit,0,no waiver,no waiver,0.0,0,0,0,0.0,0,0.0,0.0,1,392000.0,infrastructure,99.0,69.0,1,0,1,0,0,0,0,0,0,0,0,0,0,1,0,0,0,0,0,0,0,0,0,0,0,1,0,0,0,0,0,0,0,0,0,0,0,0,0,0
2003,Summit,1,open,open,99.0,1,1,0,0.0,1,0.5,0.0,0,0.0,environment/infrastructure,12.0,81.0,1,1,0,0,0,0,0,0,0,0,0,0,1,0,0,0,0,0,0,0,0,0,0,0,0,1,0,0,1,0,0,0,0,0,0,0,0,0,0,0
2005,Summit,1,open,open,99.0,1,1,0,0.0,1,0.5,0.0,0,0.0,hss,10.0,52.0,1,1,0,0,0,0,0,0,0,0,0,0,1,0,0,0,0,0,0,0,0,0,0,0,0,0,0,1,0,0,0,0,0,0,0,0,0,0,0,0
2008,Summit,1,open,open,99.0,1,1,0,0.0,1,3.25,0.0,0,0.0,environment/infrastructure,99.0,59.8,1,1,0,0,0,0,0,0,0,0,0,0,1,0,0,0,0,0,0,0,0,0,0,0,0,1,0,0,1,0,0,0,0,0,0,0,0,0,0,0
2013,Summit,1,open,open,99.0,1,1,0,0.0,1,0.0,0.0,0,0.0,hss,99.0,65.4,1,1,0,0,0,0,0,0,0,0,0,0,1,0,0,0,0,0,0,0,0,0,0,0,0,0,0,1,0,0,0,0,0,0,0,0,0,0,0,0
1993,Teller,0,no waiver,no waiver,0.0,0,0,1,1.9,0,0.0,0.0,0,0.0,tourism,99.0,41.0,0,0,1,0,0,0,0,0,0,0,0,0,0,1,0,0,0,0,0,0,0,0,0,0,0,0,0,0,0,0,0,0,1,0,0,0,0,0,0,0
1993,Teller,1,gaming/value,open,99.0,0,0,0,0.0,0,0.0,0.0,0,0.0,,99.0,68.0,1,1,0,0,0,0,0,0,0,0,0,0,0,0,0,0,0,1,0,0,0,0,0,1,0,0,0,0,0,0,0,0,0,0,0,0,0,0,0,0
1994,Teller,1,transfer,open,1.0,0,0,0,0.0,0,0.0,0.0,0,0.0,,99.0,79.0,1,1,0,0,0,0,0,0,0,0,0,0,0,0,0,0,0,0,1,0,0,0,0,0,0,0,0,0,0,0,0,0,0,0,0,0,0,0,0,0
1995,Teller,1,open,open,99.0,0,1,1,0.25,0,0.0,0.0,0,0.0,infrastructure,10.0,16.0,0,1,0,0,0,0,0,0,0,0,0,0,1,0,0,0,0,0,0,0,0,0,0,0,0,1,0,0,0,0,0,0,0,0,0,0,0,0,0,0
1995,Teller,1,nonproperty,open,99.0,0,1,0,0.0,0,0.0,0.0,0,0.0,,99.0,42.0,0,1,0,0,0,0,0,0,0,0,0,0,0,0,0,1,0,0,0,1,0,0,0,0,0,0,0,0,0,0,0,0,0,0,0,0,0,0,0,0
1997,Teller,1,open,public safety/infrastructure,99.0,1,0,0,0.0,0,0.0,0.0,0,0.0,,99.0,62.0,1,0,0,1,1,0,0,0,0,0,0,0,1,0,0,0,0,0,0,0,0,0,0,0,0,0,0,0,0,0,0,0,0,0,0,0,0,0,0,0
2000,Teller,1,open,open,99.0,0,1,0,0.0,1,0.722,0.0,0,0.0,agriculture,99.0,42.0,0,1,0,0,0,0,0,0,0,0,0,0,1,0,0,0,0,0,0,0,0,0,0,0,0,0,0,0,0,0,0,0,0,0,0,1,0,0,0,0
2002,Teller,1,open,open,99.0,1,1,0,0.0,1,6.534,2168411.0,0,0.0,infrastructure,15.0,20.0,0,1,0,0,0,0,0,0,0,0,0,0,1,0,0,0,0,0,0,0,0,0,0,0,0,1,0,0,0,0,0,0,0,0,0,0,0,0,0,0
2003,Teller,1,open,open,99.0,1,1,0,0.0,1,1.0,0.0,0,0.0,hss,99.0,35.0,0,1,0,0,0,0,0,0,0,0,0,0,1,0,0,0,0,0,0,0,0,0,0,0,0,0,0,1,0,0,0,0,0,0,0,0,0,0,0,0
1994,Washington,1,open,open,99.0,0,0,0,0.0,1,3.29,0.0,0,0.0,open,99.0,40.0,0,1,0,0,0,0,0,0,0,0,0,0,1,0,0,0,0,0,0,0,0,0,0,0,0,0,0,0,0,0,0,1,0,0,0,0,0,0,0,0
1995,Washington,1,open,open,99.0,0,0,0,0.0,1,4.64,0.0,0,0.0,open,99.0,56.0,1,1,0,0,0,0,0,0,0,0,0,0,1,0,0,0,0,0,0,0,0,0,0,0,0,0,0,0,0,0,0,1,0,0,0,0,0,0,0,0
1996,Washington,1,open,open,99.0,0,0,0,0.0,0,0.0,0.0,0,0.0,,99.0,62.0,1,1,0,0,0,0,0,0,0,0,0,0,1,0,0,0,0,0,0,0,0,0,0,0,0,0,0,0,0,0,0,0,0,0,0,0,0,0,0,0
1997,Washington,1,open,open,99.0,0,0,1,1.0,0,0.0,0.0,0,0.0,public safety,99.0,36.0,0,1,0,0,0,0,0,0,0,0,0,0,1,0,0,0,0,0,0,0,0,0,0,0,0,0,1,0,0,0,0,0,0,0,0,0,0,0,0,0
2006,Washington,1,open,open,99.0,1,1,1,1.5,0,0.0,0.0,0,0.0,public safety,99.0,50.3,1,1,0,0,0,0,0,0,0,0,0,0,1,0,0,0,0,0,0,0,0,0,0,0,0,0,1,0,0,0,0,0,0,0,0,0,0,0,0,0
1994,Weld,0,no waiver,no waiver,0.0,0,0,0,0.0,1,,0.0,0,0.0,public safety,99.0,41.0,0,0,1,0,0,0,0,0,0,0,0,0,0,1,0,0,0,0,0,0,0,0,0,0,0,0,1,0,0,0,0,0,0,0,0,0,0,0,0,0
2000,Weld,1,open,open,99.0,0,1,1,0.25,0,0.0,0.0,0,0.0,agriculture/environment,10.0,34.0,0,1,0,0,0,0,0,0,0,0,0,0,1,0,0,0,0,0,0,0,0,0,0,0,0,0,0,0,1,0,0,0,0,0,0,1,0,0,0,0
2005,Weld,0,no waiver,no waiver,0.0,1,1,0,0.0,1,1.0,0.0,0,0.0,hss,99.0,56.0,1,0,1,0,0,0,0,0,0,0,0,0,0,1,0,0,0,0,0,0,0,0,0,0,0,0,0,1,0,0,0,0,0,0,0,0,0,0,0,0
1993,Yuma,1,open,open,99.0,0,0,1,1.0,0,0.0,0.0,0,0.0,education,4.0,44.0,0,1,0,0,0,0,0,0,0,0,0,0,1,0,0,0,0,0,0,0,0,0,0,0,0,0,0,0,0,0,1,0,0,0,0,0,0,0,0,0
1995,Yuma,1,open,open,99.0,0,0,0,0.0,0,0.0,0.0,0,0.0,,99.0,63.0,1,1,0,0,0,0,0,0,0,0,0,0,1,0,0,0,0,0,0,0,0,0,0,0,0,0,0,0,0,0,0,0,0,0,0,0,0,0,0,0
2004,Yuma,1,open,open,99.0,0,1,0,0.0,0,0.0,0.0,0,0.0,,99.0,64.0,1,1,0,0,0,0,0,0,0,0,0,0,1,0,0,0,0,0,0,0,0,0,0,0,0,0,0,0,0,0,0,0,0,0,0,0,0,0,0,0
